month,active_subscriptions,self_serve_mrr_eur,enterprise_mrr_eur,total_mrr_eur
2022-01,0,0.0,0.0,0.0
2022-02,1,166.67,0.0,166.67
2022-03,3,349.83,0.0,349.83
2022-04,8,816.0,0.0,816.0
2022-05,10,1066.0,0.0,1066.0
2022-06,14,1432.33,0.0,1432.33
2022-07,19,1998.33,0.0,1998.33
2022-08,25,2547.83,0.0,2547.83
2022-09,31,3164.17,0.0,3164.17
2022-10,38,3863.83,0.0,3863.83
2022-11,43,4746.67,0.0,4746.67
2022-12,52,5480.17,0.0,5480.17
2023-01,63,6579.17,0.0,6579.17
2023-02,69,7295.33,0.0,7295.33
2023-03,89,9077.5,9166.67,18244.17
2023-04,103,10443.0,9166.67,19609.67
2023-05,113,11558.5,9166.67,20725.17
2023-06,129,13574.17,9166.67,22740.83
2023-07,137,14689.67,9166.67,23856.33
2023-08,151,16288.67,9166.67,25455.33
2023-09,167,18070.83,20416.67,38487.5
2023-10,174,19371.17,20416.67,39787.83
2023-11,190,21686.33,20416.67,42103.0
2023-12,201,23185.5,20416.67,43602.17
2024-01,213,24568.33,20416.67,44985.0
2024-02,234,27016.33,35416.67,62433.0
2024-03,239,28183.83,36333.33,64517.17
2024-04,260,31064.17,36333.33,67397.5
2024-05,276,33230.0,36333.33,69563.33
2024-06,288,34729.17,46666.67,81395.83
2024-07,297,36295.17,46666.67,82961.83
2024-08,303,37063.33,46666.67,83730.0
2024-09,324,40095.5,47916.67,88012.17
2024-10,332,41080.67,47916.67,88997.33
2024-11,355,43346.33,47916.67,91263.0
2024-12,374,45428.0,47916.67,93344.67
2025-01,391,47111.17,65416.67,112527.83
2025-02,414,49876.0,66916.67,116792.67
2025-03,435,51908.17,68916.67,120824.83
2025-04,465,55753.83,82250.0,138003.83
2025-05,476,57238.17,82250.0,139488.17
2025-06,490,58871.0,71916.67,130787.67
2025-07,499,60953.5,95666.67,156620.17
2025-08,512,62253.83,95666.67,157920.5
2025-09,530,64353.67,96916.67,161270.33
2025-10,538,64922.17,106500.0,171422.17
2025-11,564,68104.5,106500.0,174604.5
2025-12,577,69805.0,106500.0,176305.0
