month,successful_charges,gross_eur,refunds_eur,net_revenue_eur
2022-02,1,2000.0,0.0,2000.0
2022-03,2,1599.0,0.0,1599.0
2022-04,5,3797.0,0.0,3797.0
2022-05,2,3000.0,0.0,3000.0
2022-06,4,3198.0,0.0,3198.0
2022-07,5,4396.0,0.0,4396.0
2022-08,6,4797.0,0.0,4797.0
2022-09,7,6797.0,0.0,6797.0
2022-10,10,8995.0,0.0,8995.0
2022-11,5,8797.0,0.0,8797.0
2022-12,11,10599.0,0.0,10599.0
2023-01,14,11990.0,0.0,11990.0
2023-02,10,10594.0,0.0,10594.0
2023-03,22,19990.0,0.0,19990.0
2023-04,22,127188.0,0.0,127188.0
2023-05,13,13990.0,0.0,13990.0
2023-06,19,23193.0,0.0,23193.0
2023-07,18,17183.0,0.0,17183.0
2023-08,22,22188.0,0.0,22188.0
2023-09,31,164183.0,1000.0,163183.0
2023-10,23,29990.0,0.0,29990.0
2023-11,26,35381.0,0.0,35381.0
2023-12,26,29188.0,0.0,29188.0
2024-01,30,30980.0,0.0,30980.0
2024-02,34,36376.0,0.0,36376.0
2024-03,33,221188.0,0.0,221188.0
2024-04,42,162772.0,2000.0,160772.0
2024-05,35,42376.0,0.0,42376.0
2024-06,35,164183.0,0.0,164183.0
2024-07,32,36376.0,0.0,36376.0
2024-08,36,43985.0,0.0,43985.0
2024-09,48,207381.0,0.0,207381.0
2024-10,42,59183.0,0.0,59183.0
2024-11,51,61970.0,0.0,61970.0
2024-12,47,50173.0,0.0,50173.0
2025-01,46,53975.0,0.0,53975.0
2025-02,51,464574.0,0.0,464574.0
2025-03,59,69574.0,3000.0,66574.0
2025-04,62,208757.0,0.0,208757.0
2025-05,54,227376.0,0.0,227376.0
2025-06,59,64970.0,0.0,64970.0
2025-07,43,57970.0,0.0,57970.0
2025-08,61,353376.0,2000.0,351376.0
2025-09,71,251173.0,0.0,251173.0
2025-10,65,87168.0,0.0,87168.0
2025-11,74,210970.0,1000.0,209970.0
2025-12,61,75173.0,0.0,75173.0
