id,charge_id,payment_intent_id,amount,currency,reason,status,balance_transaction_id,created
re_3RcFTlCO4dBapx1c6dDx4fUf,ch_3RJjk8klSax3IxCTg030j1Yx,pi_3x8fZqCOOjtQGPsNQg3pZ90W,59900,eur,requested_by_customer,succeeded,txn_3S1bFruoAM3fYNay5lhyAa4D,1663101349
re_3DdgjO5mn7Vxr6p7R4ogGzwT,ch_3jfGWmEP7n2WZrdBKnWpJLcb,pi_3hzvy4Em6QC9uNkOdmZQlRIP,100000,eur,requested_by_customer,succeeded,txn_3qaOtL88UGRuvubcEWqNlu9E,1685989776
re_3rtH1K6Ulmo2WM62UTRcHGvM,ch_3b89Tg1QoBLwhooidreBV4UX,pi_3iRiMeTYvIPZnU1WM35KvGUc,100000,eur,requested_by_customer,succeeded,txn_3fnFvq3rr0BKu1w6XQdeOmzc,1697940347
re_3TreXFXeSiDAocEDeO4uTnex,ch_3Sq0zTLK54XjQKYfLFM8xaAT,pi_3Bii6ra38fmqt8tDp5DR17NY,100000,eur,requested_by_customer,succeeded,txn_3MT6F8IQdfsPbpn5qRH6aBJg,1711566017
re_3mmeaW5LYUSAiYiAKKDOM5ow,ch_3TU99KbCnQcPrFqcWFdqGuvz,pi_3kYMCsV17BF9vQWWZfz3almQ,59900,eur,requested_by_customer,succeeded,txn_3M14sZLhkMhVXWpClso2hYGo,1744903532
re_3NqckhkcCWJtn7fgfjbQBu3D,ch_3Iag4PRIj35ZWCihqAVf7miD,pi_3B6DcpKlkEi66gM2v162dGCk,179700,eur,requested_by_customer,succeeded,txn_3RSlgVtLyN3OM5UqG74AXFr3,1744933542
re_3M9qbjw4gETV4g6Dc3qlYjit,ch_3WbGpja4VSidHEMNuaNvWQv4,pi_3shUL0zAC03yOxzkWv0bD5pC,100000,eur,requested_by_customer,succeeded,txn_3EvW2uaQhYP0BrzVhFV5M9VV,1746039534
re_3xiVBQUIGAW69ozqkrG5H3C7,ch_3UhtPFhr1iEsIlrHhnMUd8St,pi_3ZhNXmTfhM7rZ66FM4ZpxAJb,100000,eur,requested_by_customer,succeeded,txn_3a25SIj6qvon7f0bCyRDat6W,1748039225
re_3dC74EhVAy6PKPq8GUq0ITNA,ch_33F06BGx5x0leQc0qaAX2qnp,pi_37c6dFYxLRwRWWak3hcX5c5Y,59900,eur,requested_by_customer,succeeded,txn_3HFaMoDrtk9SQzgkhoj9q54j,1752893349
re_3E39qHxYo1wLwBkTCtaWOqrp,ch_3wPecAUb7ttWKTdWJ8gVk8cr,pi_3Q9Bj2iGLQhd2NhUYRX9B6eV,100000,eur,requested_by_customer,succeeded,txn_3KqjvJClPtgGcRE2DCpAXp6P,1760024159
re_3vMPloM9dMBuVXKWYEQrxpTX,ch_3fmWirRMrGzn2NIU7VdD2Qi8,pi_3hPQfh4yUxYddZiqaH8YeaLp,100000,eur,requested_by_customer,succeeded,txn_3Ai6Z65FK2jNh28VB8l6IuBP,1770145656
re_3iun95hO8ErcpGAUQVLu2h4L,ch_3kn5v3iDSyPr3z2W7NaevBJS,pi_3AR0k2AlhsqgJgDwukNC4qIZ,59900,eur,requested_by_customer,succeeded,txn_3zJzOnyh34OJUzqhKHfxRHOO,1771693126
re_34JJuoZ2xfVy0ieflqYvRVa9,ch_3y4PyZCcYQsFFsUFm31VF3QC,pi_3sMVGbXEJJgDRu6VWp3jtYZb,59900,eur,requested_by_customer,succeeded,txn_3N3Kw2i3ryAGI4L2MvHpS2ml,1777752133
re_3fyjcrlIsUZQHuvPA5TbmYCL,ch_3uQWK0n13yzztC2Gy81OnSOb,pi_3JdJAEQEqhW2wjP2i7s9HcfD,300000,eur,requested_by_customer,succeeded,txn_3OxIEntIWw8LahD9vj7SwVaj,1777810731
re_3PlZJ6XZfnXUlNciZhdea7AC,ch_3YnFRpEvaA3XSi6KVQYH3rRF,pi_3H6cvnUp5lrpkjD3cSuZt1Hy,100000,eur,requested_by_customer,succeeded,txn_3o8AsTPoXfERXPeRyvMy5syW,1778416712
re_3KHK6SuIrLe8RGZeNi118CfJ,ch_3uOtSI4sLcVajDpTsmNrgC4L,pi_3TrtijmBRWVQGmEMVtUFeYvK,200000,eur,requested_by_customer,succeeded,txn_37tv3kJSxqwsXFj24rfILkH6,1783154647
re_38nV3eWrZ76va3PE7XnIPfyJ,ch_3KMO800zV3umyb6mYY403vEV,pi_3RT3NELYk9SrgeBwrIpTskBB,299500,eur,requested_by_customer,succeeded,txn_3u90egzazOnGoOfFw5xNvyAg,1786137805
re_33bIqNkcFnQDxCJGVx676oNA,ch_3fQDQ9ysqMBJQfbqWi17Jox5,pi_3KvxcDqipwb66n8BrvHGKSYB,59900,eur,requested_by_customer,succeeded,txn_352YyJpFBhMOT5BxbvkGcJw1,1788026681
re_3JHWWbypvcA4nzs2Vz5AWxPq,ch_3XSPDfuEyfrmQ4YBDyP68A4b,pi_3YFwV1Pzu291QhQtJl6u5iq6,119800,eur,requested_by_customer,succeeded,txn_3hEs4TGSLCzX8HNVUl2lXkRj,1789762919
