hs_object_id,dealname,pipeline,dealtype,dealstage,amount,deal_currency_code,amount_in_home_currency,hs_deal_stage_probability,hs_forecast_category,closedate,createdate,hs_lastmodifieddate,notes_last_contacted,num_associated_contacts,hs_is_closed,hs_is_closed_won,closed_lost_reason,lead_source,hubspot_owner_id,company_id
27255531429,Bay Hotels – Hamina Enterprise,default,newbusiness,closedlost,75000.0,USD,68181.82,0.0,omit,2023-04-23T18:41:08.000Z,2022-11-28T16:27:11.000Z,2023-04-23T18:41:08.000Z,2023-04-14T08:06:13.000Z,3,1,0,No budget,event,28451987,39023046548
28745520397,Kaarna Tech (KUT) – Hamina Enterprise,default,newbusiness,closedwon,110000.0,EUR,110000.0,1.0,closed,2023-03-05T15:31:27.000Z,2022-12-05T14:37:11.000Z,2023-03-05T15:31:27.000Z,2023-03-03T12:30:44.000Z,2,1,1,,inbound_demo,28451987,25242404630
33929780498,Silverlake Health System – Hamina Enterprise,default,newbusiness,closedlost,155000.0,USD,140909.09,0.0,omit,2023-04-29T17:05:21.000Z,2023-01-02T14:22:32.000Z,2023-04-29T17:05:21.000Z,2023-04-17T16:28:09.000Z,1,1,0,Not a fit (too small),outbound_sdr,28451987,18137216563
22280760336,Brightwater Distribution Centers – Hamina Enterprise,default,newbusiness,closedlost,80000.0,USD,72727.27,0.0,omit,2023-07-24T20:16:21.000Z,2023-03-13T14:52:22.000Z,2023-07-24T20:16:21.000Z,2023-07-24T08:51:11.000Z,2,1,0,No budget,partner_referral,28451987,28343216084
26888512886,Northfield Children's Hospital – Hamina Enterprise,default,newbusiness,closedlost,300000.0,GBP,348837.21,0.0,omit,2023-08-13T20:20:12.000Z,2023-04-10T13:39:46.000Z,2023-08-13T20:20:12.000Z,2023-08-04T14:26:20.000Z,5,1,0,Not a fit (too small),inbound_demo,28451987,14616643549
39805534242,St Alder Health – Hamina Enterprise,default,newbusiness,closedwon,148000.0,USD,134545.45,1.0,closed,2023-08-28T13:30:55.000Z,2023-04-12T15:15:22.000Z,2023-08-28T13:30:55.000Z,2023-08-28T10:39:21.000Z,3,1,1,,partner_referral,68913217,38606378819
10391350131,Stonepeak Technology Group – Hamina Enterprise,default,newbusiness,closedlost,95000.0,EUR,95000.0,0.0,omit,2023-09-04T08:30:20.000Z,2023-04-12T15:28:21.000Z,2023-09-04T08:30:20.000Z,2023-09-01T11:35:37.000Z,4,1,0,No decision / budget frozen,self_serve_expansion,28451987,24628664739
15936770254,University of Fairhaven – Hamina Enterprise,default,newbusiness,closedlost,175000.0,USD,159090.91,0.0,omit,2023-07-30T21:01:29.000Z,2023-05-25T11:10:11.000Z,2023-07-30T21:01:29.000Z,2023-07-24T08:22:26.000Z,4,1,0,Not a fit (too small),outbound_sdr,68913217,31273138894
37526030717,Voltmark – Hamina Enterprise,default,newbusiness,closedwon,180000.0,EUR,180000.0,1.0,closed,2024-02-06T09:13:37.000Z,2023-08-29T08:06:11.000Z,2024-02-06T09:13:37.000Z,2024-02-05T17:05:45.000Z,4,1,1,,event,28451987,14888540457
15476591492,Northfield Precision Manufacturing – Hamina Enterprise,default,newbusiness,closedlost,145000.0,EUR,145000.0,0.0,omit,2024-01-30T19:36:58.000Z,2023-10-09T13:14:32.000Z,2024-01-30T19:36:58.000Z,2024-01-22T09:51:12.000Z,4,1,0,No decision / budget frozen,inbound_demo,28451987,29382108842
25244028107,Westbrook Resorts Group – Hamina Enterprise,default,newbusiness,closedlost,110000.0,EUR,110000.0,0.0,omit,2024-01-15T22:42:54.000Z,2023-10-27T15:39:56.000Z,2024-01-15T22:42:54.000Z,2024-01-01T11:02:50.000Z,1,1,0,Went dark / no response,outbound_sdr,28451987,37729950446
19386785446,Maplewood Components – Hamina Enterprise,default,newbusiness,closedlost,65000.0,EUR,65000.0,0.0,omit,2024-04-07T00:37:16.000Z,2023-11-16T17:21:49.000Z,2024-04-07T00:37:16.000Z,2024-03-18T17:01:32.000Z,3,1,0,Not a fit (too small),outbound_sdr,28451987,39200998517
23022214372,Oakmont Freight Terminals – Hamina Enterprise,default,newbusiness,closedlost,85000.0,GBP,98837.21,0.0,omit,2024-02-22T23:21:24.000Z,2023-12-15T08:18:15.000Z,2024-02-22T23:21:24.000Z,2024-02-19T10:42:21.000Z,2,1,0,No budget,inbound_demo,28451987,26052873077
13064215081,Bay Hospitality – Hamina Enterprise,default,newbusiness,closedlost,75000.0,EUR,75000.0,0.0,omit,2024-02-07T14:45:45.000Z,2023-12-22T16:31:51.000Z,2024-02-07T14:45:45.000Z,2024-01-25T10:18:50.000Z,1,1,0,No budget,outbound_sdr,28451987,36379485436
27224423203,Oakmont Industries – Hamina Enterprise,default,newbusiness,closedlost,80000.0,GBP,93023.26,0.0,omit,2024-03-05T14:08:50.000Z,2024-01-08T08:31:49.000Z,2024-03-05T14:08:50.000Z,2024-03-04T15:17:36.000Z,4,1,0,Not a fit (too small),outbound_sdr,28451987,19336434686
14237440442,Atlaspoint Technology Group – Hamina Enterprise,default,newbusiness,closedlost,80000.0,USD,72727.27,0.0,omit,2024-07-10T21:43:04.000Z,2024-01-24T12:25:54.000Z,2024-07-10T21:43:04.000Z,2024-07-10T11:07:45.000Z,4,1,0,No decision / budget frozen,self_serve_expansion,68913217,19097467309
15395681189,Highland Precision Manufacturing – Hamina Enterprise,default,newbusiness,closedlost,50000.0,EUR,50000.0,0.0,omit,2024-06-11T05:59:31.000Z,2024-02-05T12:27:49.000Z,2024-06-11T05:59:31.000Z,2024-06-10T13:12:20.000Z,4,1,0,No decision / budget frozen,partner_referral,28451987,28894272578
29593435971,Costa Lucera Hotels & Resorts – Hamina Enterprise,default,newbusiness,closedwon,124000.0,EUR,124000.0,1.0,closed,2024-05-22T13:37:59.000Z,2024-02-23T13:58:31.000Z,2024-05-22T13:37:59.000Z,2024-05-20T12:49:39.000Z,5,1,1,,outbound_sdr,28451987,20536895418
18394681954,Maplewood Retail Group – Hamina Enterprise,default,newbusiness,closedlost,140000.0,EUR,140000.0,0.0,omit,2024-08-03T10:12:43.000Z,2024-04-17T11:19:27.000Z,2024-08-03T10:12:43.000Z,2024-07-29T12:55:52.000Z,2,1,0,Went dark / no response,partner_referral,28451987,31412865852
15091866886,Bay Stores – Hamina Enterprise,default,newbusiness,closedlost,50000.0,USD,45454.55,0.0,omit,2024-09-29T10:25:24.000Z,2024-05-24T09:49:16.000Z,2024-09-29T10:25:24.000Z,2024-09-26T15:46:43.000Z,3,1,0,No decision / budget frozen,inbound_demo,68913217,11041146404
16650585185,Maplewood Institute of Technology – Hamina Enterprise,default,newbusiness,closedlost,115000.0,USD,104545.45,0.0,omit,2024-09-04T18:28:44.000Z,2024-05-27T13:57:27.000Z,2024-09-04T18:28:44.000Z,2024-09-04T15:18:28.000Z,3,1,0,No budget,outbound_sdr,68913217,22131431376
32286258211,Halden Ridge State Univ. – Hamina Enterprise,default,newbusiness,closedwon,231000.0,USD,210000.0,1.0,closed,2025-01-12T11:10:19.000Z,2024-06-13T12:41:28.000Z,2025-01-12T11:10:19.000Z,2025-01-10T17:58:04.000Z,4,1,1,,inbound_demo,68913217,36412077230
25316215942,Maplewood Medical Center – Hamina Enterprise,default,newbusiness,closedlost,160000.0,EUR,160000.0,0.0,omit,2024-09-21T20:11:50.000Z,2024-06-28T08:56:34.000Z,2024-09-21T20:11:50.000Z,2024-09-09T09:50:37.000Z,2,1,0,Timing – revisit next year,partner_referral,28451987,35053328388
24457829464,Granite Hotels – Hamina Enterprise,default,newbusiness,closedlost,115000.0,EUR,115000.0,0.0,omit,2025-01-01T20:10:28.000Z,2024-08-12T08:24:18.000Z,2025-01-01T20:10:28.000Z,2024-12-30T11:45:18.000Z,4,1,0,Timing – revisit next year,inbound_demo,28451987,24681478615
14471923465,Brightwater Arena – Hamina Enterprise,default,newbusiness,closedlost,170000.0,USD,154545.45,0.0,omit,2025-02-05T20:41:47.000Z,2024-10-14T12:16:50.000Z,2025-02-05T20:41:47.000Z,2025-02-04T16:02:09.000Z,3,1,0,Went dark / no response,inbound_demo,68913217,37273068854
24887261409,Maplewood State College – Hamina Enterprise,default,newbusiness,closedlost,125000.0,USD,113636.36,0.0,omit,2025-06-03T08:45:20.000Z,2024-11-08T16:28:46.000Z,2025-06-03T08:45:20.000Z,2025-05-21T15:30:33.000Z,4,1,0,Chose competitor – Ekahau,outbound_sdr,68913217,22913834201
11967534599,Kivimet Paper & Packaging Oyj – Hamina Enterprise,default,newbusiness,closedwon,160000.0,EUR,160000.0,1.0,closed,2025-03-29T11:51:51.000Z,2024-11-11T13:50:11.000Z,2025-03-29T11:51:51.000Z,2025-03-26T08:34:07.000Z,4,1,1,,self_serve_expansion,28451987,25888065056
20731515702,Maplewood Resorts Group – Hamina Enterprise,default,newbusiness,closedlost,110000.0,USD,100000.0,0.0,omit,2025-04-22T20:24:06.000Z,2024-11-18T12:38:54.000Z,2025-04-22T20:24:06.000Z,2025-04-10T17:07:07.000Z,2,1,0,No decision / budget frozen,inbound_demo,68913217,24245993791
33932654035,Marlowe Valley University Hospital – Hamina Enterprise,default,newbusiness,closedwon,245000.0,GBP,284883.72,1.0,closed,2025-06-20T08:44:04.000Z,2024-12-10T10:07:18.000Z,2025-06-20T08:44:04.000Z,2025-06-17T16:54:52.000Z,5,1,1,,partner_referral,68913217,18983739667
21211927827,Greenpeak Managed Services Ltd – Hamina Enterprise,default,newbusiness,closedlost,70000.0,EUR,70000.0,0.0,omit,2025-05-30T20:16:05.000Z,2024-12-24T16:11:01.000Z,2025-05-30T20:16:05.000Z,2025-05-29T14:49:52.000Z,5,1,0,No decision / budget frozen,self_serve_expansion,28451987,27006178330
15825161014,Northfield Medical Center – Hamina Enterprise,default,newbusiness,closedlost,80000.0,EUR,80000.0,0.0,omit,2025-06-12T09:26:26.000Z,2025-01-01T10:30:03.000Z,2025-06-12T09:26:26.000Z,2025-06-02T14:45:01.000Z,2,1,0,No decision / budget frozen,outbound_sdr,28451987,28774334357
31854468252,Oakmont Components – Hamina Enterprise,default,newbusiness,closedlost,90000.0,EUR,90000.0,0.0,omit,2025-03-16T04:41:05.000Z,2025-02-03T15:26:27.000Z,2025-03-16T04:41:05.000Z,2025-03-06T08:09:53.000Z,4,1,0,Went dark / no response,inbound_demo,28451987,32196119655
35162259081,Westworks Clinics LLC – Hamina Enterprise,default,newbusiness,closedlost,70000.0,USD,63636.36,0.0,omit,2025-10-15T10:52:33.000Z,2025-03-17T08:25:46.000Z,2025-10-15T10:52:33.000Z,2025-10-13T15:53:08.000Z,3,1,0,No decision / budget frozen,self_serve_expansion,68913217,14189075056
11443125800,Vertexline Construction – Hamina Enterprise,default,newbusiness,closedlost,115000.0,EUR,115000.0,0.0,omit,2025-09-23T01:00:55.000Z,2025-05-01T08:28:50.000Z,2025-09-23T01:00:55.000Z,2025-09-18T14:37:17.000Z,1,1,0,Not a fit (too small),self_serve_expansion,28451987,34879554343
38007877665,Aurelia Grand Hotels Group – Hamina Enterprise,default,newbusiness,closedwon,115000.0,EUR,115000.0,1.0,closed,2025-09-24T14:44:59.000Z,2025-05-05T14:41:50.000Z,2025-09-24T14:44:59.000Z,2025-09-22T09:32:18.000Z,3,1,1,,inbound_demo,28451987,26512314436
36552660925,Lakeview University – Hamina Enterprise,default,newbusiness,closedlost,145000.0,USD,131818.18,0.0,omit,2025-08-15T17:18:33.000Z,2025-05-08T13:13:53.000Z,2025-08-15T17:18:33.000Z,2025-07-30T08:26:13.000Z,3,1,0,No budget,outbound_sdr,68913217,14104956867
24899233126,Harborview Regional Hospital – Hamina Enterprise,default,newbusiness,closedlost,190000.0,EUR,190000.0,0.0,omit,2025-08-09T04:58:02.000Z,2025-05-26T08:05:42.000Z,2025-08-09T04:58:02.000Z,2025-08-04T15:00:00.000Z,1,1,0,Timing – revisit next year,outbound_sdr,28451987,15539713266
32363415934,Fairhaven Institute of Technology – Hamina Enterprise,default,newbusiness,closedlost,65000.0,USD,59090.91,0.0,omit,2025-07-20T19:04:44.000Z,2025-06-06T13:11:46.000Z,2025-07-20T19:04:44.000Z,2025-07-14T09:43:00.000Z,4,1,0,Went dark / no response,partner_referral,68913217,22429088463
13971795564,Oakmont Medical Center – Hamina Enterprise,default,newbusiness,closedlost,215000.0,USD,195454.55,0.0,omit,2025-11-24T19:28:33.000Z,2025-06-16T16:08:50.000Z,2025-11-24T19:28:33.000Z,2025-11-11T16:04:20.000Z,4,1,0,Went dark / no response,outbound_sdr,68913217,14616426877
10484412732,Maplewood Hospitality – Hamina Enterprise,default,newbusiness,closedlost,120000.0,EUR,120000.0,0.0,omit,2026-02-04T14:49:48.000Z,2025-07-22T08:42:52.000Z,2026-02-04T14:49:48.000Z,2026-01-05T10:44:27.000Z,4,1,0,Chose competitor – Ekahau,partner_referral,28451987,10769789728
23969763194,Nordhavn Port Authority – Hamina Enterprise,default,newbusiness,closedwon,95000.0,EUR,95000.0,1.0,closed,2026-02-07T11:48:48.000Z,2025-08-25T13:40:45.000Z,2026-02-07T11:48:48.000Z,2026-02-03T10:15:20.000Z,3,1,1,,event,84634470,29880684626
24466911060,Redhill Components – Hamina Enterprise,default,newbusiness,closedlost,100000.0,GBP,116279.07,0.0,omit,2025-12-01T08:41:52.000Z,2025-09-04T12:51:47.000Z,2025-12-01T08:41:52.000Z,2025-11-05T17:42:09.000Z,1,1,0,Timing – revisit next year,event,84634470,30589370182
28227250896,Harborview Precision Manufacturing – Hamina Enterprise,default,newbusiness,closedlost,155000.0,USD,140909.09,0.0,omit,2026-03-23T07:21:01.000Z,2025-09-08T14:16:50.000Z,2026-03-23T07:21:01.000Z,2026-03-16T14:16:33.000Z,3,1,0,No decision / budget frozen,inbound_demo,68913217,11222984806
34739413440,Brightworks Technology Group – Hamina Enterprise,default,newbusiness,closedlost,300000.0,USD,272727.27,0.0,omit,2026-07-11T21:26:09.000Z,2025-09-08T17:18:15.000Z,2026-07-11T21:26:09.000Z,2026-07-06T09:56:02.000Z,2,1,0,No decision / budget frozen,self_serve_expansion,68913217,28681362518
24672638869,Fairhaven Hospitality – Hamina Enterprise,default,newbusiness,closedlost,75000.0,USD,68181.82,0.0,omit,2025-12-04T07:13:25.000Z,2025-09-08T17:53:03.000Z,2025-12-04T07:13:25.000Z,2025-12-01T09:09:27.000Z,3,1,0,No decision / budget frozen,event,68913217,14395443861
20472069459,Fairhaven Regional Hospital – Hamina Enterprise,default,newbusiness,closedlost,225000.0,USD,204545.45,0.0,omit,2026-02-07T15:34:02.000Z,2025-10-07T08:50:35.000Z,2026-02-07T15:34:02.000Z,2026-02-02T10:58:11.000Z,3,1,0,Not a fit (too small),inbound_demo,68913217,24870214394
13255461910,Balticpath Communications S.L. – Hamina Enterprise,default,newbusiness,closedlost,135000.0,EUR,135000.0,0.0,omit,2026-04-20T14:10:11.000Z,2025-10-22T10:32:25.000Z,2026-04-20T14:10:11.000Z,2026-04-07T09:57:14.000Z,4,1,0,No decision / budget frozen,self_serve_expansion,84634470,23834566312
10183005115,Harborline Clinics ApS – Hamina Enterprise,default,newbusiness,closedlost,105000.0,EUR,105000.0,0.0,omit,2026-03-02T00:18:13.000Z,2025-10-27T17:33:04.000Z,2026-03-02T00:18:13.000Z,2026-02-26T12:47:59.000Z,4,1,0,No decision / budget frozen,self_serve_expansion,84634470,23567932003
25308590260,Bluepath Systems Integration – Hamina Enterprise,default,newbusiness,closedlost,135000.0,EUR,135000.0,0.0,omit,2026-05-22T21:25:22.000Z,2025-11-14T16:50:42.000Z,2026-05-22T21:25:22.000Z,2026-05-14T08:19:25.000Z,3,1,0,No decision / budget frozen,self_serve_expansion,28451987,26344536440
27898176676,Northgate Retail – Hamina Enterprise,default,newbusiness,closedwon,189000.0,GBP,219767.44,1.0,closed,2026-06-14T08:01:10.000Z,2025-11-27T09:55:16.000Z,2026-06-14T08:01:10.000Z,2026-06-09T15:03:10.000Z,4,1,1,,partner_referral,84634470,39987926322
34081508097,Silverlake Stadium Group – Hamina Enterprise,default,newbusiness,closedlost,210000.0,USD,190909.09,0.0,omit,2026-02-10T22:55:51.000Z,2025-11-28T10:36:25.000Z,2026-02-10T22:55:51.000Z,2026-02-06T15:04:51.000Z,4,1,0,Not a fit (too small),partner_referral,68913217,23262744671
18576219454,Rheinfeld Automotive Systems GmbH – Hamina Enterprise,default,newbusiness,closedwon,140000.0,EUR,140000.0,1.0,closed,2026-04-01T11:55:25.000Z,2025-12-08T17:10:04.000Z,2026-04-01T11:55:25.000Z,2026-03-31T16:22:45.000Z,5,1,1,,self_serve_expansion,28451987,30966107916
12834090053,Lakeshore Community College District – Hamina Enterprise,default,newbusiness,closedwon,77000.0,USD,70000.0,1.0,closed,2026-05-04T14:43:07.000Z,2026-01-01T11:50:47.000Z,2026-05-04T14:43:07.000Z,2026-05-04T12:29:34.000Z,3,1,1,,outbound_sdr,68913217,10464219358
20238916744,Stonebridge Hospitality – Hamina Enterprise,default,newbusiness,closedlost,130000.0,USD,118181.82,0.0,omit,2026-05-31T11:04:38.000Z,2026-01-02T15:43:43.000Z,2026-05-31T11:04:38.000Z,2026-05-25T16:27:03.000Z,3,1,0,Timing – revisit next year,inbound_demo,68913217,25466175660
11042285030,Fairhaven Maplewood Freight Terminals – Hamina Enterprise,default,newbusiness,closedlost,245000.0,EUR,245000.0,0.0,omit,2026-04-25T00:29:11.000Z,2026-01-21T14:20:39.000Z,2026-04-25T00:29:11.000Z,2026-04-22T11:56:48.000Z,2,1,0,Not a fit (too small),partner_referral,84634470,28496900776
36912129275,Brightwater Outlets – Hamina Enterprise,default,newbusiness,closedlost,205000.0,GBP,238372.09,0.0,omit,2026-07-29T12:31:29.000Z,2026-01-23T14:33:48.000Z,2026-07-29T12:31:29.000Z,2026-07-24T08:41:50.000Z,3,1,0,No decision / budget frozen,event,84634470,17314431509
39292517740,Greenwave Communications LLC – Hamina Enterprise,default,newbusiness,closedlost,145000.0,USD,131818.18,0.0,omit,2026-05-31T16:43:27.000Z,2026-02-09T11:51:37.000Z,2026-05-31T16:43:27.000Z,2026-05-26T12:50:59.000Z,3,1,0,No decision / budget frozen,self_serve_expansion,68913217,16350398096
35034471670,Maplewood Outlets – Hamina Enterprise,default,newbusiness,closedlost,55000.0,USD,50000.0,0.0,omit,2026-04-30T06:21:08.000Z,2026-02-10T12:38:44.000Z,2026-04-30T06:21:08.000Z,2026-04-23T17:17:02.000Z,3,1,0,No decision / budget frozen,partner_referral,68913217,30711605665
13416356660,Riverside Distribution Centers – Hamina Enterprise,default,newbusiness,closedlost,55000.0,EUR,55000.0,0.0,omit,2026-05-23T17:12:26.000Z,2026-02-11T17:23:42.000Z,2026-05-23T17:12:26.000Z,2026-05-14T10:44:08.000Z,3,1,0,Timing – revisit next year,inbound_demo,84634470,17311668939
32928810227,Westbrook Hospitality – Hamina Enterprise,default,newbusiness,closedlost,80000.0,EUR,80000.0,0.0,omit,2026-05-05T20:13:59.000Z,2026-02-17T11:55:10.000Z,2026-05-05T20:13:59.000Z,2026-04-13T14:17:44.000Z,3,1,0,Went dark / no response,inbound_demo,28451987,15092170504
23689897141,Fairhaven Outlets – Hamina Enterprise,default,newbusiness,closedlost,50000.0,EUR,50000.0,0.0,omit,2026-04-15T16:57:28.000Z,2026-02-27T15:29:15.000Z,2026-04-15T16:57:28.000Z,2026-04-02T15:15:49.000Z,3,1,0,No budget,inbound_demo,84634470,12678442716
35658781495,Bay Steelworks – Hamina Enterprise,default,newbusiness,closedlost,85000.0,USD,77272.73,0.0,omit,2026-04-23T18:44:34.000Z,2026-03-02T08:46:58.000Z,2026-04-23T18:44:34.000Z,2026-04-16T09:49:45.000Z,1,1,0,Timing – revisit next year,partner_referral,68913217,34523471160
34894898806,Ashford Hotels – Hamina Enterprise,default,newbusiness,closedlost,135000.0,GBP,156976.74,0.0,omit,2026-09-03T21:53:30.000Z,2026-03-04T17:00:57.000Z,2026-09-03T21:53:30.000Z,2026-09-03T11:14:48.000Z,4,1,0,Timing – revisit next year,outbound_sdr,84634470,26625526376
36151281407,Northview Media – Hamina Enterprise,default,newbusiness,closedlost,95000.0,EUR,95000.0,0.0,omit,2026-05-01T14:48:49.000Z,2026-03-05T08:22:43.000Z,2026-05-01T14:48:49.000Z,2026-04-27T10:52:14.000Z,2,1,0,Timing – revisit next year,self_serve_expansion,28451987,18668600275
24757185368,Fairhaven Freight Terminals – Hamina Enterprise,default,newbusiness,closedlost,100000.0,EUR,100000.0,0.0,omit,2026-06-14T04:20:58.000Z,2026-03-05T13:15:23.000Z,2026-06-14T04:20:58.000Z,2026-06-10T12:55:50.000Z,3,1,0,Went dark / no response,event,28451987,11605987977
23073768164,Signalgate Logistics – Hamina Enterprise,default,newbusiness,closedlost,80000.0,GBP,93023.26,0.0,omit,2026-06-01T12:58:27.000Z,2026-03-10T16:15:24.000Z,2026-06-01T12:58:27.000Z,2026-05-29T12:16:19.000Z,4,1,0,Went dark / no response,self_serve_expansion,28451987,23284625809
33062570565,Stonebridge International Airport – Hamina Enterprise,default,newbusiness,closedlost,95000.0,USD,86363.64,0.0,omit,2026-07-14T22:39:25.000Z,2026-03-20T14:22:28.000Z,2026-07-14T22:39:25.000Z,2026-07-14T15:48:27.000Z,4,1,0,No decision / budget frozen,partner_referral,49986920,25568050367
22272663757,Northfield Convention Center – Hamina Enterprise,default,newbusiness,closedlost,195000.0,EUR,195000.0,0.0,omit,2026-09-06T20:01:05.000Z,2026-03-23T14:59:30.000Z,2026-09-06T20:01:05.000Z,2026-08-31T14:52:15.000Z,2,1,0,No decision / budget frozen,outbound_sdr,84634470,26461576927
31922378779,University of Clearwater – Hamina Enterprise,default,newbusiness,closedlost,90000.0,USD,81818.18,0.0,omit,2026-09-14T14:18:31.000Z,2026-04-06T13:45:01.000Z,2026-09-14T14:18:31.000Z,2026-09-11T09:04:47.000Z,2,1,0,Chose competitor – iBwave,partner_referral,68913217,27491449421
30559416308,Redhill State College – Hamina Enterprise,default,newbusiness,closedlost,65000.0,USD,59090.91,0.0,omit,2026-07-14T10:57:22.000Z,2026-04-07T15:58:41.000Z,2026-07-14T10:57:22.000Z,2026-07-13T13:30:16.000Z,3,1,0,No budget,inbound_demo,49986920,16127557207
14316343344,Brightwater Pinecrest Regional Hospital – Hamina Enterprise,default,newbusiness,closedlost,80000.0,EUR,80000.0,0.0,omit,2026-07-27T03:11:00.000Z,2026-04-09T15:17:38.000Z,2026-07-27T03:11:00.000Z,2026-07-01T13:36:48.000Z,1,1,0,No budget,event,28451987,16101357724
37421868456,Clearwater Precision Manufacturing – Hamina Enterprise,default,newbusiness,closedlost,110000.0,EUR,110000.0,0.0,omit,2026-07-30T11:01:20.000Z,2026-04-13T12:43:39.000Z,2026-07-30T11:01:20.000Z,2026-07-28T12:46:35.000Z,1,1,0,Timing – revisit next year,inbound_demo,28451987,26429358762
21874036812,Maplewood Industries – Hamina Enterprise,default,newbusiness,presentationscheduled,300000.0,USD,272727.27,0.4,best_case,2026-10-23T04:20:16.000Z,2026-04-13T16:17:01.000Z,2026-09-18T23:59:59.000Z,2026-09-28T16:10:35.000Z,3,0,0,,inbound_demo,49986920,39098009729
17879482185,Pohjanmaan sairaanhoitopiiri (Pohjanmaa Hospital District) – Hamina Enterprise,default,newbusiness,closedwon,120000.0,EUR,120000.0,1.0,closed,2026-09-06T08:03:55.000Z,2026-04-17T16:34:16.000Z,2026-09-06T08:03:55.000Z,2026-09-04T13:54:32.000Z,4,1,1,,self_serve_expansion,28451987,10459769760
18707051094,Grand Meridian Resorts – Hamina Enterprise,default,newbusiness,closedwon,94000.0,USD,85454.55,1.0,closed,2026-07-27T15:08:54.000Z,2026-04-24T10:24:56.000Z,2026-07-27T15:08:54.000Z,2026-07-27T09:50:00.000Z,5,1,1,,inbound_demo,68913217,20371504428
34133620054,Pinecrest Hotels – Hamina Enterprise,default,newbusiness,contractsent,80000.0,EUR,80000.0,0.8,commit,2026-10-16T14:34:07.000Z,2026-04-27T16:30:46.000Z,2026-09-30T23:59:59.000Z,2026-09-28T08:12:47.000Z,4,0,0,,partner_referral,28451987,22189566998
26221587009,Pinecrest Children's Hospital – Hamina Enterprise,default,newbusiness,decisionmakerboughtin,215000.0,EUR,215000.0,0.6,best_case,2026-10-09T21:53:49.000Z,2026-04-28T13:54:30.000Z,2026-09-20T23:59:59.000Z,2026-09-23T10:45:46.000Z,3,0,0,,event,84634470,28141006204
32385650141,Silverpath Telecom GmbH – Hamina Enterprise,default,newbusiness,contractsent,115000.0,EUR,115000.0,0.8,commit,2026-09-19T06:24:00.000Z,2026-05-11T11:20:17.000Z,2026-09-17T23:59:59.000Z,2026-09-29T09:37:29.000Z,4,0,0,,self_serve_expansion,28451987,22563305863
14115100782,Atlasmark Telecom BV – Hamina Enterprise,default,newbusiness,closedlost,115000.0,EUR,115000.0,0.0,omit,2026-09-14T15:53:49.000Z,2026-05-12T08:22:36.000Z,2026-09-14T15:53:49.000Z,2026-09-14T08:40:16.000Z,4,1,0,No decision / budget frozen,self_serve_expansion,28451987,18121246768
22815611662,Maplewood Regional Hospital – Hamina Enterprise,default,newbusiness,closedlost,265000.0,EUR,265000.0,0.0,omit,2026-09-03T22:41:11.000Z,2026-05-18T16:48:41.000Z,2026-09-03T22:41:11.000Z,2026-08-31T09:20:25.000Z,3,1,0,Went dark / no response,inbound_demo,28451987,38530897721
10586804076,Redhill Stores – Hamina Enterprise,default,newbusiness,closedlost,160000.0,USD,145454.55,0.0,omit,2026-07-18T11:58:40.000Z,2026-06-03T13:06:29.000Z,2026-07-18T11:58:40.000Z,2026-07-13T15:45:45.000Z,2,1,0,Went dark / no response,partner_referral,49986920,25664713415
34083643216,Bay Resorts Group – Hamina Enterprise,default,newbusiness,closedlost,100000.0,USD,90909.09,0.0,omit,2026-09-25T05:28:57.000Z,2026-06-10T14:55:06.000Z,2026-09-25T05:28:57.000Z,2026-09-14T14:00:56.000Z,4,1,0,Not a fit (too small),inbound_demo,68913217,15457313493
17540945117,Riverside Institute of Technology – Hamina Enterprise,default,newbusiness,contractsent,85000.0,USD,77272.73,0.8,commit,2026-11-23T23:28:10.000Z,2026-06-11T11:35:17.000Z,2026-09-20T23:59:59.000Z,2026-09-28T12:25:31.000Z,2,0,0,,outbound_sdr,49986920,35475122912
15409823662,Granite Components – Hamina Enterprise,default,newbusiness,appointmentscheduled,120000.0,USD,109090.91,0.1,pipeline,2027-05-11T19:27:04.000Z,2026-06-18T12:59:13.000Z,2026-09-25T23:59:59.000Z,2026-09-30T16:37:32.000Z,1,0,0,,outbound_sdr,49986920,11933486377
30760386095,University of Highland – Hamina Enterprise,default,newbusiness,closedlost,185000.0,USD,168181.82,0.0,omit,2026-09-24T13:22:37.000Z,2026-06-24T16:03:16.000Z,2026-09-24T13:22:37.000Z,2026-09-23T13:37:32.000Z,4,1,0,No budget,partner_referral,68913217,29886749095
15276836832,Balticmark Warehousing – Hamina Enterprise,default,newbusiness,presentationscheduled,155000.0,USD,140909.09,0.4,best_case,2026-10-02T00:32:20.000Z,2026-06-29T11:25:43.000Z,2026-09-14T23:59:59.000Z,2026-09-29T15:21:55.000Z,4,0,0,,self_serve_expansion,68913217,19807297995
20040788283,Brightwater Components – Hamina Enterprise,default,newbusiness,presentationscheduled,165000.0,EUR,165000.0,0.4,pipeline,2026-12-19T19:08:33.000Z,2026-07-09T13:46:34.000Z,2026-09-15T23:59:59.000Z,2026-09-28T11:45:30.000Z,5,0,0,,outbound_sdr,28451987,20907416869
15065673934,Harborview Children's Hospital – Hamina Enterprise,default,newbusiness,qualifiedtobuy,145000.0,EUR,145000.0,0.2,pipeline,2026-10-05T14:41:26.000Z,2026-07-13T08:34:21.000Z,2026-09-21T23:59:59.000Z,2026-09-30T09:42:13.000Z,3,0,0,,inbound_demo,84634470,35984357822
20994463216,Silverlake Medical Center – Hamina Enterprise,default,newbusiness,qualifiedtobuy,220000.0,EUR,220000.0,0.2,pipeline,2026-12-08T17:15:22.000Z,2026-07-14T14:17:44.000Z,2026-09-30T23:59:59.000Z,2026-09-30T10:55:41.000Z,2,0,0,,outbound_sdr,84634470,21490904311
29458107206,Highland Hospitality – Hamina Enterprise,default,newbusiness,appointmentscheduled,220000.0,GBP,255813.95,0.1,pipeline,2027-02-28T13:26:05.000Z,2026-07-15T16:48:45.000Z,2026-09-19T23:59:59.000Z,2026-09-28T16:31:58.000Z,2,0,0,,outbound_sdr,84634470,12139184654
15980929246,Northpeak Industries Ltd – Hamina Enterprise,default,newbusiness,appointmentscheduled,100000.0,GBP,116279.07,0.1,pipeline,2026-12-10T00:17:24.000Z,2026-08-10T16:07:54.000Z,2026-09-22T23:59:59.000Z,2026-09-30T13:55:14.000Z,4,0,0,,self_serve_expansion,28451987,20100359231
38472692374,Riverside Children's Hospital – Hamina Enterprise,default,newbusiness,qualifiedtobuy,185000.0,USD,168181.82,0.2,pipeline,2026-12-23T06:03:02.000Z,2026-08-13T13:40:56.000Z,2026-09-24T23:59:59.000Z,2026-09-28T12:08:43.000Z,2,0,0,,inbound_demo,49986920,27628182205
28473220463,University of Harborview Elmstead – Hamina Enterprise,default,newbusiness,qualifiedtobuy,250000.0,USD,227272.73,0.2,pipeline,2027-01-08T17:58:46.000Z,2026-08-14T15:54:11.000Z,2026-09-30T23:59:59.000Z,2026-09-30T17:59:19.000Z,3,0,0,,outbound_sdr,49986920,20374612746
23339509113,Brightwater Granite Distribution Centers – Hamina Enterprise,default,newbusiness,appointmentscheduled,65000.0,EUR,65000.0,0.1,pipeline,2026-10-30T05:30:11.000Z,2026-08-18T15:06:35.000Z,2026-09-23T23:59:59.000Z,2026-09-25T09:31:26.000Z,4,0,0,,event,84634470,12163547910
10576078232,Bay International Airport – Hamina Enterprise,default,newbusiness,appointmentscheduled,145000.0,EUR,145000.0,0.1,pipeline,2026-12-12T10:37:42.000Z,2026-09-04T16:25:27.000Z,2026-09-26T23:59:59.000Z,2026-09-30T10:39:54.000Z,4,0,0,,outbound_sdr,84634470,12892118012
36762691660,Clearwater Industries – Hamina Enterprise,default,newbusiness,appointmentscheduled,80000.0,GBP,93023.26,0.1,pipeline,2026-12-14T05:48:56.000Z,2026-09-21T09:21:26.000Z,2026-09-21T23:59:59.000Z,2026-09-29T12:18:47.000Z,3,0,0,,outbound_sdr,84634470,33224549577
24853810320,Eastgate Pinecrest Outlets – Hamina Enterprise,default,newbusiness,appointmentscheduled,115000.0,USD,104545.45,0.1,pipeline,2027-01-03T12:58:49.000Z,2026-09-21T15:10:07.000Z,2026-09-30T23:59:59.000Z,2026-09-29T15:13:06.000Z,3,0,0,,inbound_demo,49986920,20430642711
39529755155,Eastgate Hotels – Hamina Enterprise,default,newbusiness,appointmentscheduled,75000.0,USD,68181.82,0.1,pipeline,2026-11-20T22:47:09.000Z,2026-09-22T12:15:13.000Z,2026-09-22T12:15:13.000Z,2026-09-28T14:38:53.000Z,4,0,0,,outbound_sdr,49986920,27164219255
11183409624,Brightmark Retail Group – Hamina Enterprise,default,newbusiness,appointmentscheduled,85000.0,USD,77272.73,0.1,pipeline,2026-11-14T15:44:31.000Z,2026-09-24T17:52:14.000Z,2026-09-24T17:52:14.000Z,2026-09-30T16:45:59.000Z,4,0,0,,self_serve_expansion,68913217,32109125827
23489853689,Westbrook Distribution Centers – Hamina Enterprise,default,newbusiness,appointmentscheduled,85000.0,GBP,98837.21,0.1,pipeline,2026-12-02T20:34:52.000Z,2026-09-25T17:52:43.000Z,2026-09-25T17:52:43.000Z,2026-09-30T14:08:05.000Z,4,0,0,,partner_referral,84634470,25852894545
11430783515,Elmstead Regional Hospital – Hamina Enterprise,default,newbusiness,appointmentscheduled,240000.0,EUR,240000.0,0.1,pipeline,2027-04-03T23:37:24.000Z,2026-09-28T09:11:30.000Z,2026-09-30T23:59:59.000Z,,3,0,0,,inbound_demo,28451987,18859521215
23727876852,Eastgate Freight Terminals – Hamina Enterprise,default,newbusiness,appointmentscheduled,135000.0,EUR,135000.0,0.1,pipeline,2026-12-07T12:45:25.000Z,2026-09-28T10:15:03.000Z,2026-09-28T10:15:03.000Z,2026-09-30T08:22:25.000Z,4,0,0,,inbound_demo,84634470,21476520477
