deal_id,property,value,timestamp,source_type
27255531429,dealstage,appointmentscheduled,2022-11-28T16:27:11.000Z,CRM_UI
27255531429,closedate,2023-01-19T13:59:16.000Z,2022-11-28T16:27:11.000Z,CRM_UI
28745520397,dealstage,appointmentscheduled,2022-12-05T14:37:11.000Z,CRM_UI
28745520397,closedate,2023-02-19T03:19:07.000Z,2022-12-05T14:37:11.000Z,CRM_UI
27255531429,dealstage,qualifiedtobuy,2022-12-05T20:09:16.000Z,CRM_UI
28745520397,dealstage,qualifiedtobuy,2022-12-20T04:15:20.000Z,CRM_UI
27255531429,dealstage,presentationscheduled,2023-01-01T10:42:54.000Z,CRM_UI
33929780498,dealstage,appointmentscheduled,2023-01-02T14:22:32.000Z,CRM_UI
33929780498,closedate,2023-05-01T04:19:36.000Z,2023-01-02T14:22:32.000Z,CRM_UI
28745520397,dealstage,presentationscheduled,2023-01-05T15:56:37.000Z,CRM_UI
27255531429,closedate,2023-02-18T13:59:16.000Z,2023-01-31T13:59:16.000Z,CRM_UI
28745520397,dealstage,decisionmakerboughtin,2023-02-01T05:50:24.000Z,CRM_UI
28745520397,dealstage,contractsent,2023-02-19T14:08:48.000Z,CRM_UI
27255531429,closedate,2023-03-20T13:59:16.000Z,2023-03-02T13:59:16.000Z,CRM_UI
28745520397,closedate,2023-04-20T03:19:07.000Z,2023-03-05T03:19:07.000Z,CRM_UI
28745520397,dealstage,closedwon,2023-03-05T15:31:27.000Z,CRM_UI
28745520397,closedate,2023-03-05T15:31:27.000Z,2023-03-05T15:31:27.000Z,AUTOMATION
22280760336,dealstage,appointmentscheduled,2023-03-13T14:52:22.000Z,CRM_UI
22280760336,closedate,2023-07-23T17:19:53.000Z,2023-03-13T14:52:22.000Z,CRM_UI
22280760336,dealstage,qualifiedtobuy,2023-04-06T20:22:48.000Z,CRM_UI
26888512886,dealstage,appointmentscheduled,2023-04-10T13:39:46.000Z,CRM_UI
26888512886,closedate,2023-09-23T19:00:19.000Z,2023-04-10T13:39:46.000Z,CRM_UI
39805534242,dealstage,appointmentscheduled,2023-04-12T15:15:22.000Z,CRM_UI
39805534242,closedate,2023-06-24T09:11:01.000Z,2023-04-12T15:15:22.000Z,CRM_UI
10391350131,dealstage,appointmentscheduled,2023-04-12T15:28:21.000Z,CRM_UI
10391350131,closedate,2023-08-01T15:47:25.000Z,2023-04-12T15:28:21.000Z,CRM_UI
27255531429,closedate,2023-04-19T13:59:16.000Z,2023-04-13T13:59:16.000Z,CRM_UI
27255531429,dealstage,closedlost,2023-04-23T18:41:08.000Z,CRM_UI
27255531429,closedate,2023-04-23T18:41:08.000Z,2023-04-23T18:41:08.000Z,AUTOMATION
33929780498,dealstage,closedlost,2023-04-29T17:05:21.000Z,CRM_UI
33929780498,closedate,2023-04-29T17:05:21.000Z,2023-04-29T17:05:21.000Z,AUTOMATION
39805534242,dealstage,qualifiedtobuy,2023-05-09T11:13:30.000Z,CRM_UI
10391350131,dealstage,qualifiedtobuy,2023-05-15T12:42:45.000Z,CRM_UI
26888512886,dealstage,qualifiedtobuy,2023-05-24T20:45:42.000Z,CRM_UI
15936770254,dealstage,appointmentscheduled,2023-05-25T11:10:11.000Z,CRM_UI
15936770254,closedate,2023-09-30T06:27:04.000Z,2023-05-25T11:10:11.000Z,CRM_UI
39805534242,dealstage,presentationscheduled,2023-06-06T20:20:08.000Z,CRM_UI
10391350131,dealstage,presentationscheduled,2023-06-13T05:16:33.000Z,CRM_UI
39805534242,closedate,2023-07-24T09:11:01.000Z,2023-06-27T09:11:01.000Z,CRM_UI
39805534242,dealstage,decisionmakerboughtin,2023-07-08T09:25:06.000Z,CRM_UI
10391350131,dealstage,decisionmakerboughtin,2023-07-15T13:36:52.000Z,CRM_UI
22280760336,dealstage,closedlost,2023-07-24T20:16:21.000Z,CRM_UI
22280760336,closedate,2023-07-24T20:16:21.000Z,2023-07-24T20:16:21.000Z,AUTOMATION
15936770254,dealstage,closedlost,2023-07-30T21:01:29.000Z,CRM_UI
15936770254,closedate,2023-07-30T21:01:29.000Z,2023-07-30T21:01:29.000Z,AUTOMATION
39805534242,dealstage,contractsent,2023-08-02T08:50:18.000Z,CRM_UI
10391350131,dealstage,contractsent,2023-08-05T22:00:32.000Z,CRM_UI
26888512886,dealstage,closedlost,2023-08-13T20:20:12.000Z,CRM_UI
26888512886,closedate,2023-08-13T20:20:12.000Z,2023-08-13T20:20:12.000Z,AUTOMATION
10391350131,closedate,2023-09-30T15:47:25.000Z,2023-08-15T15:47:25.000Z,CRM_UI
39805534242,closedate,2023-10-22T09:11:01.000Z,2023-08-19T09:11:01.000Z,CRM_UI
39805534242,dealstage,closedwon,2023-08-28T13:30:55.000Z,CRM_UI
39805534242,closedate,2023-08-28T13:30:55.000Z,2023-08-28T13:30:55.000Z,AUTOMATION
37526030717,dealstage,appointmentscheduled,2023-08-29T08:06:11.000Z,CRM_UI
37526030717,closedate,2023-11-12T23:28:08.000Z,2023-08-29T08:06:11.000Z,CRM_UI
10391350131,dealstage,closedlost,2023-09-04T08:30:20.000Z,CRM_UI
10391350131,closedate,2023-09-04T08:30:20.000Z,2023-09-04T08:30:20.000Z,AUTOMATION
37526030717,dealstage,qualifiedtobuy,2023-09-17T06:44:47.000Z,CRM_UI
15476591492,dealstage,appointmentscheduled,2023-10-09T13:14:32.000Z,CRM_UI
15476591492,closedate,2023-12-19T22:39:24.000Z,2023-10-09T13:14:32.000Z,CRM_UI
37526030717,dealstage,presentationscheduled,2023-10-22T09:52:55.000Z,CRM_UI
15476591492,dealstage,qualifiedtobuy,2023-10-25T14:18:32.000Z,CRM_UI
25244028107,dealstage,appointmentscheduled,2023-10-27T15:39:56.000Z,CRM_UI
25244028107,closedate,2024-02-10T10:00:14.000Z,2023-10-27T15:39:56.000Z,CRM_UI
19386785446,dealstage,appointmentscheduled,2023-11-16T17:21:49.000Z,CRM_UI
19386785446,closedate,2024-03-21T17:44:03.000Z,2023-11-16T17:21:49.000Z,CRM_UI
25244028107,dealstage,qualifiedtobuy,2023-11-17T23:21:05.000Z,CRM_UI
15476591492,dealstage,presentationscheduled,2023-11-22T04:43:53.000Z,CRM_UI
37526030717,closedate,2024-01-11T23:28:08.000Z,2023-12-03T23:28:08.000Z,CRM_UI
37526030717,dealstage,decisionmakerboughtin,2023-12-11T12:52:40.000Z,CRM_UI
15476591492,dealstage,decisionmakerboughtin,2023-12-13T07:17:34.000Z,CRM_UI
23022214372,dealstage,appointmentscheduled,2023-12-15T08:18:15.000Z,CRM_UI
23022214372,closedate,2024-05-29T22:21:40.000Z,2023-12-15T08:18:15.000Z,CRM_UI
13064215081,dealstage,appointmentscheduled,2023-12-22T16:31:51.000Z,CRM_UI
13064215081,closedate,2024-06-11T07:24:21.000Z,2023-12-22T16:31:51.000Z,CRM_UI
19386785446,dealstage,qualifiedtobuy,2023-12-31T15:19:03.000Z,CRM_UI
27224423203,dealstage,appointmentscheduled,2024-01-08T08:31:49.000Z,CRM_UI
27224423203,closedate,2024-04-06T05:43:50.000Z,2024-01-08T08:31:49.000Z,CRM_UI
15476591492,dealstage,contractsent,2024-01-09T21:46:04.000Z,CRM_UI
25244028107,dealstage,closedlost,2024-01-15T22:42:54.000Z,CRM_UI
25244028107,closedate,2024-01-15T22:42:54.000Z,2024-01-15T22:42:54.000Z,AUTOMATION
37526030717,closedate,2024-03-11T23:28:08.000Z,2024-01-16T23:28:08.000Z,CRM_UI
15476591492,closedate,2024-01-18T22:39:24.000Z,2024-01-18T22:39:24.000Z,CRM_UI
37526030717,dealstage,contractsent,2024-01-19T01:46:59.000Z,CRM_UI
14237440442,dealstage,appointmentscheduled,2024-01-24T12:25:54.000Z,CRM_UI
14237440442,closedate,2024-03-28T02:59:08.000Z,2024-01-24T12:25:54.000Z,CRM_UI
15476591492,dealstage,closedlost,2024-01-30T19:36:58.000Z,CRM_UI
15476591492,closedate,2024-01-30T19:36:58.000Z,2024-01-30T19:36:58.000Z,AUTOMATION
15395681189,dealstage,appointmentscheduled,2024-02-05T12:27:49.000Z,CRM_UI
15395681189,closedate,2024-03-26T21:23:36.000Z,2024-02-05T12:27:49.000Z,CRM_UI
37526030717,dealstage,closedwon,2024-02-06T09:13:37.000Z,CRM_UI
37526030717,closedate,2024-02-06T09:13:37.000Z,2024-02-06T09:13:37.000Z,AUTOMATION
13064215081,dealstage,closedlost,2024-02-07T14:45:45.000Z,CRM_UI
13064215081,closedate,2024-02-07T14:45:45.000Z,2024-02-07T14:45:45.000Z,AUTOMATION
14237440442,dealstage,qualifiedtobuy,2024-02-12T06:51:19.000Z,CRM_UI
15395681189,dealstage,qualifiedtobuy,2024-02-15T04:17:54.000Z,CRM_UI
23022214372,dealstage,closedlost,2024-02-22T23:21:24.000Z,CRM_UI
23022214372,closedate,2024-02-22T23:21:24.000Z,2024-02-22T23:21:24.000Z,AUTOMATION
29593435971,dealstage,appointmentscheduled,2024-02-23T13:58:31.000Z,CRM_UI
29593435971,closedate,2024-05-03T04:07:42.000Z,2024-02-23T13:58:31.000Z,CRM_UI
15395681189,dealstage,presentationscheduled,2024-03-02T16:21:33.000Z,CRM_UI
14237440442,dealstage,presentationscheduled,2024-03-03T16:45:10.000Z,CRM_UI
27224423203,dealstage,closedlost,2024-03-05T14:08:50.000Z,CRM_UI
27224423203,closedate,2024-03-05T14:08:50.000Z,2024-03-05T14:08:50.000Z,AUTOMATION
29593435971,dealstage,qualifiedtobuy,2024-03-06T16:28:28.000Z,CRM_UI
29593435971,dealstage,presentationscheduled,2024-03-23T21:04:51.000Z,CRM_UI
14237440442,dealstage,decisionmakerboughtin,2024-03-24T04:35:01.000Z,CRM_UI
15395681189,closedate,2024-05-10T21:23:36.000Z,2024-04-06T21:23:36.000Z,CRM_UI
19386785446,dealstage,closedlost,2024-04-07T00:37:16.000Z,CRM_UI
19386785446,closedate,2024-04-07T00:37:16.000Z,2024-04-07T00:37:16.000Z,AUTOMATION
14237440442,dealstage,contractsent,2024-04-09T22:03:31.000Z,CRM_UI
14237440442,closedate,2024-04-27T02:59:08.000Z,2024-04-17T02:59:08.000Z,CRM_UI
18394681954,dealstage,appointmentscheduled,2024-04-17T11:19:27.000Z,CRM_UI
18394681954,closedate,2024-09-22T05:50:23.000Z,2024-04-17T11:19:27.000Z,CRM_UI
29593435971,dealstage,decisionmakerboughtin,2024-04-24T09:17:14.000Z,CRM_UI
15395681189,dealstage,decisionmakerboughtin,2024-05-01T18:50:19.000Z,CRM_UI
14237440442,closedate,2024-06-11T02:59:08.000Z,2024-05-03T02:59:08.000Z,CRM_UI
29593435971,dealstage,contractsent,2024-05-10T13:43:38.000Z,CRM_UI
29593435971,closedate,2024-07-02T04:07:42.000Z,2024-05-17T04:07:42.000Z,CRM_UI
15395681189,dealstage,contractsent,2024-05-19T08:57:13.000Z,CRM_UI
29593435971,dealstage,closedwon,2024-05-22T13:37:59.000Z,CRM_UI
29593435971,closedate,2024-05-22T13:37:59.000Z,2024-05-22T13:37:59.000Z,AUTOMATION
15091866886,dealstage,appointmentscheduled,2024-05-24T09:49:16.000Z,CRM_UI
15091866886,closedate,2024-07-23T03:30:13.000Z,2024-05-24T09:49:16.000Z,CRM_UI
16650585185,dealstage,appointmentscheduled,2024-05-27T13:57:27.000Z,CRM_UI
16650585185,closedate,2025-01-29T02:15:00.000Z,2024-05-27T13:57:27.000Z,CRM_UI
15091866886,dealstage,qualifiedtobuy,2024-06-05T06:02:06.000Z,CRM_UI
15395681189,closedate,2024-07-09T21:23:36.000Z,2024-06-08T21:23:36.000Z,CRM_UI
15395681189,dealstage,closedlost,2024-06-11T05:59:31.000Z,CRM_UI
15395681189,closedate,2024-06-11T05:59:31.000Z,2024-06-11T05:59:31.000Z,AUTOMATION
32286258211,dealstage,appointmentscheduled,2024-06-13T12:41:28.000Z,CRM_UI
32286258211,closedate,2024-10-01T03:13:46.000Z,2024-06-13T12:41:28.000Z,CRM_UI
25316215942,dealstage,appointmentscheduled,2024-06-28T08:56:34.000Z,CRM_UI
25316215942,closedate,2024-10-29T09:42:21.000Z,2024-06-28T08:56:34.000Z,CRM_UI
14237440442,closedate,2024-07-26T02:59:08.000Z,2024-07-07T02:59:08.000Z,CRM_UI
15091866886,dealstage,presentationscheduled,2024-07-07T07:11:09.000Z,CRM_UI
32286258211,dealstage,qualifiedtobuy,2024-07-07T14:24:54.000Z,CRM_UI
14237440442,dealstage,closedlost,2024-07-10T21:43:04.000Z,CRM_UI
14237440442,closedate,2024-07-10T21:43:04.000Z,2024-07-10T21:43:04.000Z,AUTOMATION
18394681954,dealstage,closedlost,2024-08-03T10:12:43.000Z,CRM_UI
18394681954,closedate,2024-08-03T10:12:43.000Z,2024-08-03T10:12:43.000Z,AUTOMATION
32286258211,dealstage,presentationscheduled,2024-08-08T04:38:42.000Z,CRM_UI
24457829464,dealstage,appointmentscheduled,2024-08-12T08:24:18.000Z,CRM_UI
24457829464,closedate,2024-11-04T01:37:59.000Z,2024-08-12T08:24:18.000Z,CRM_UI
15091866886,dealstage,decisionmakerboughtin,2024-08-14T22:00:30.000Z,CRM_UI
15091866886,closedate,2024-10-21T03:30:13.000Z,2024-08-20T03:30:13.000Z,CRM_UI
15091866886,dealstage,contractsent,2024-09-03T22:15:50.000Z,CRM_UI
16650585185,dealstage,closedlost,2024-09-04T18:28:44.000Z,CRM_UI
16650585185,closedate,2024-09-04T18:28:44.000Z,2024-09-04T18:28:44.000Z,AUTOMATION
24457829464,dealstage,qualifiedtobuy,2024-09-06T20:51:40.000Z,CRM_UI
25316215942,dealstage,closedlost,2024-09-21T20:11:50.000Z,CRM_UI
25316215942,closedate,2024-09-21T20:11:50.000Z,2024-09-21T20:11:50.000Z,AUTOMATION
15091866886,dealstage,closedlost,2024-09-29T10:25:24.000Z,CRM_UI
15091866886,closedate,2024-09-29T10:25:24.000Z,2024-09-29T10:25:24.000Z,AUTOMATION
14471923465,dealstage,appointmentscheduled,2024-10-14T12:16:50.000Z,CRM_UI
14471923465,closedate,2025-03-23T02:52:50.000Z,2024-10-14T12:16:50.000Z,CRM_UI
32286258211,closedate,2024-12-30T03:13:46.000Z,2024-10-23T03:13:46.000Z,CRM_UI
32286258211,dealstage,decisionmakerboughtin,2024-10-29T14:07:17.000Z,CRM_UI
24887261409,dealstage,appointmentscheduled,2024-11-08T16:28:46.000Z,CRM_UI
24887261409,closedate,2025-03-26T18:09:36.000Z,2024-11-08T16:28:46.000Z,CRM_UI
11967534599,dealstage,appointmentscheduled,2024-11-11T13:50:11.000Z,CRM_UI
11967534599,closedate,2025-01-30T14:46:28.000Z,2024-11-11T13:50:11.000Z,CRM_UI
24457829464,closedate,2024-12-04T01:37:59.000Z,2024-11-13T01:37:59.000Z,CRM_UI
20731515702,dealstage,appointmentscheduled,2024-11-18T12:38:54.000Z,CRM_UI
20731515702,closedate,2025-02-15T06:10:34.000Z,2024-11-18T12:38:54.000Z,CRM_UI
11967534599,dealstage,qualifiedtobuy,2024-12-05T00:36:45.000Z,CRM_UI
24457829464,closedate,2025-03-04T01:37:59.000Z,2024-12-07T01:37:59.000Z,CRM_UI
32286258211,dealstage,contractsent,2024-12-07T04:31:14.000Z,CRM_UI
20731515702,dealstage,qualifiedtobuy,2024-12-08T14:13:56.000Z,CRM_UI
33932654035,dealstage,appointmentscheduled,2024-12-10T10:07:18.000Z,CRM_UI
33932654035,closedate,2025-04-20T07:08:30.000Z,2024-12-10T10:07:18.000Z,CRM_UI
24887261409,dealstage,qualifiedtobuy,2024-12-16T05:43:25.000Z,CRM_UI
21211927827,dealstage,appointmentscheduled,2024-12-24T16:11:01.000Z,CRM_UI
21211927827,closedate,2025-03-02T04:11:57.000Z,2024-12-24T16:11:01.000Z,CRM_UI
11967534599,dealstage,presentationscheduled,2024-12-28T09:12:48.000Z,CRM_UI
15825161014,dealstage,appointmentscheduled,2025-01-01T10:30:03.000Z,CRM_UI
15825161014,closedate,2025-05-18T15:16:41.000Z,2025-01-01T10:30:03.000Z,CRM_UI
24457829464,dealstage,closedlost,2025-01-01T20:10:28.000Z,CRM_UI
24457829464,closedate,2025-01-01T20:10:28.000Z,2025-01-01T20:10:28.000Z,AUTOMATION
32286258211,closedate,2025-03-30T03:13:46.000Z,2025-01-02T03:13:46.000Z,CRM_UI
21211927827,dealstage,qualifiedtobuy,2025-01-05T00:07:09.000Z,CRM_UI
20731515702,dealstage,presentationscheduled,2025-01-06T12:01:07.000Z,CRM_UI
32286258211,dealstage,closedwon,2025-01-12T11:10:19.000Z,CRM_UI
32286258211,closedate,2025-01-12T11:10:19.000Z,2025-01-12T11:10:19.000Z,AUTOMATION
33932654035,dealstage,qualifiedtobuy,2025-01-12T11:38:36.000Z,CRM_UI
24887261409,dealstage,presentationscheduled,2025-01-19T01:46:25.000Z,CRM_UI
31854468252,dealstage,appointmentscheduled,2025-02-03T15:26:27.000Z,CRM_UI
31854468252,closedate,2025-04-24T17:53:22.000Z,2025-02-03T15:26:27.000Z,CRM_UI
14471923465,dealstage,closedlost,2025-02-05T20:41:47.000Z,CRM_UI
14471923465,closedate,2025-02-05T20:41:47.000Z,2025-02-05T20:41:47.000Z,AUTOMATION
11967534599,closedate,2025-04-30T14:46:28.000Z,2025-02-08T14:46:28.000Z,CRM_UI
11967534599,dealstage,decisionmakerboughtin,2025-02-09T14:11:48.000Z,CRM_UI
15825161014,dealstage,qualifiedtobuy,2025-02-11T00:04:54.000Z,CRM_UI
21211927827,dealstage,presentationscheduled,2025-02-11T18:46:17.000Z,CRM_UI
33932654035,dealstage,presentationscheduled,2025-02-12T13:11:31.000Z,CRM_UI
20731515702,closedate,2025-03-17T06:10:34.000Z,2025-02-23T06:10:34.000Z,CRM_UI
20731515702,dealstage,decisionmakerboughtin,2025-02-25T00:16:31.000Z,CRM_UI
11967534599,dealstage,contractsent,2025-03-03T17:38:38.000Z,CRM_UI
21211927827,closedate,2025-04-01T04:11:57.000Z,2025-03-09T04:11:57.000Z,CRM_UI
15825161014,dealstage,presentationscheduled,2025-03-09T20:27:56.000Z,CRM_UI
21211927827,dealstage,decisionmakerboughtin,2025-03-14T13:28:02.000Z,CRM_UI
31854468252,dealstage,closedlost,2025-03-16T04:41:05.000Z,CRM_UI
31854468252,closedate,2025-03-16T04:41:05.000Z,2025-03-16T04:41:05.000Z,AUTOMATION
35162259081,dealstage,appointmentscheduled,2025-03-17T08:25:46.000Z,CRM_UI
35162259081,closedate,2025-05-24T18:46:57.000Z,2025-03-17T08:25:46.000Z,CRM_UI
20731515702,dealstage,contractsent,2025-03-18T19:57:11.000Z,CRM_UI
24887261409,dealstage,decisionmakerboughtin,2025-03-27T08:32:17.000Z,CRM_UI
11967534599,dealstage,closedwon,2025-03-29T11:51:51.000Z,CRM_UI
11967534599,closedate,2025-03-29T11:51:51.000Z,2025-03-29T11:51:51.000Z,AUTOMATION
15825161014,dealstage,decisionmakerboughtin,2025-04-02T07:15:11.000Z,CRM_UI
35162259081,dealstage,qualifiedtobuy,2025-04-09T19:49:27.000Z,CRM_UI
33932654035,dealstage,decisionmakerboughtin,2025-04-11T15:35:14.000Z,CRM_UI
20731515702,closedate,2025-04-16T06:10:34.000Z,2025-04-13T06:10:34.000Z,CRM_UI
21211927827,dealstage,contractsent,2025-04-17T23:43:05.000Z,CRM_UI
20731515702,dealstage,closedlost,2025-04-22T20:24:06.000Z,CRM_UI
20731515702,closedate,2025-04-22T20:24:06.000Z,2025-04-22T20:24:06.000Z,AUTOMATION
24887261409,closedate,2025-05-10T18:09:36.000Z,2025-04-23T18:09:36.000Z,CRM_UI
21211927827,closedate,2025-05-01T04:11:57.000Z,2025-04-25T04:11:57.000Z,CRM_UI
11443125800,dealstage,appointmentscheduled,2025-05-01T08:28:50.000Z,CRM_UI
11443125800,closedate,2025-07-10T22:30:07.000Z,2025-05-01T08:28:50.000Z,CRM_UI
35162259081,dealstage,presentationscheduled,2025-05-02T19:28:11.000Z,CRM_UI
38007877665,dealstage,appointmentscheduled,2025-05-05T14:41:50.000Z,CRM_UI
38007877665,closedate,2025-08-18T03:06:16.000Z,2025-05-05T14:41:50.000Z,CRM_UI
15825161014,dealstage,contractsent,2025-05-07T00:42:46.000Z,CRM_UI
36552660925,dealstage,appointmentscheduled,2025-05-08T13:13:53.000Z,CRM_UI
36552660925,closedate,2025-10-30T13:31:25.000Z,2025-05-08T13:13:53.000Z,CRM_UI
33932654035,closedate,2025-06-19T07:08:30.000Z,2025-05-10T07:08:30.000Z,CRM_UI
11443125800,dealstage,qualifiedtobuy,2025-05-18T20:43:02.000Z,CRM_UI
24899233126,dealstage,appointmentscheduled,2025-05-26T08:05:42.000Z,CRM_UI
24899233126,closedate,2025-11-21T11:12:38.000Z,2025-05-26T08:05:42.000Z,CRM_UI
33932654035,dealstage,contractsent,2025-05-26T22:52:34.000Z,CRM_UI
21211927827,closedate,2025-07-30T04:11:57.000Z,2025-05-27T04:11:57.000Z,CRM_UI
38007877665,dealstage,qualifiedtobuy,2025-05-29T06:08:24.000Z,CRM_UI
21211927827,dealstage,closedlost,2025-05-30T20:16:05.000Z,CRM_UI
21211927827,closedate,2025-05-30T20:16:05.000Z,2025-05-30T20:16:05.000Z,AUTOMATION
24887261409,dealstage,closedlost,2025-06-03T08:45:20.000Z,CRM_UI
24887261409,closedate,2025-06-03T08:45:20.000Z,2025-06-03T08:45:20.000Z,AUTOMATION
35162259081,closedate,2025-07-08T18:46:57.000Z,2025-06-03T18:46:57.000Z,CRM_UI
32363415934,dealstage,appointmentscheduled,2025-06-06T13:11:46.000Z,CRM_UI
32363415934,closedate,2025-08-01T14:06:52.000Z,2025-06-06T13:11:46.000Z,CRM_UI
15825161014,dealstage,closedlost,2025-06-12T09:26:26.000Z,CRM_UI
15825161014,closedate,2025-06-12T09:26:26.000Z,2025-06-12T09:26:26.000Z,AUTOMATION
11443125800,dealstage,presentationscheduled,2025-06-12T14:50:56.000Z,CRM_UI
13971795564,dealstage,appointmentscheduled,2025-06-16T16:08:50.000Z,CRM_UI
13971795564,closedate,2025-09-29T16:19:23.000Z,2025-06-16T16:08:50.000Z,CRM_UI
33932654035,dealstage,closedwon,2025-06-20T08:44:04.000Z,CRM_UI
33932654035,closedate,2025-06-20T08:44:04.000Z,2025-06-20T08:44:04.000Z,AUTOMATION
35162259081,dealstage,decisionmakerboughtin,2025-06-25T16:47:00.000Z,CRM_UI
38007877665,dealstage,presentationscheduled,2025-06-28T15:48:33.000Z,CRM_UI
32363415934,dealstage,closedlost,2025-07-20T19:04:44.000Z,CRM_UI
32363415934,closedate,2025-07-20T19:04:44.000Z,2025-07-20T19:04:44.000Z,AUTOMATION
13971795564,dealstage,qualifiedtobuy,2025-07-21T21:58:45.000Z,CRM_UI
10484412732,dealstage,appointmentscheduled,2025-07-22T08:42:52.000Z,CRM_UI
10484412732,closedate,2025-10-07T00:57:11.000Z,2025-07-22T08:42:52.000Z,CRM_UI
11443125800,closedate,2025-08-09T22:30:07.000Z,2025-07-30T22:30:07.000Z,CRM_UI
10484412732,dealstage,qualifiedtobuy,2025-08-03T17:17:59.000Z,CRM_UI
38007877665,dealstage,decisionmakerboughtin,2025-08-04T16:51:24.000Z,CRM_UI
35162259081,closedate,2025-08-22T18:46:57.000Z,2025-08-06T18:46:57.000Z,CRM_UI
24899233126,dealstage,closedlost,2025-08-09T04:58:02.000Z,CRM_UI
24899233126,closedate,2025-08-09T04:58:02.000Z,2025-08-09T04:58:02.000Z,AUTOMATION
36552660925,dealstage,closedlost,2025-08-15T17:18:33.000Z,CRM_UI
36552660925,closedate,2025-08-15T17:18:33.000Z,2025-08-15T17:18:33.000Z,AUTOMATION
13971795564,dealstage,presentationscheduled,2025-08-18T20:12:40.000Z,CRM_UI
23969763194,dealstage,appointmentscheduled,2025-08-25T13:40:45.000Z,CRM_UI
23969763194,closedate,2025-12-19T23:57:02.000Z,2025-08-25T13:40:45.000Z,CRM_UI
10484412732,dealstage,presentationscheduled,2025-08-31T15:09:27.000Z,CRM_UI
11443125800,closedate,2025-09-08T22:30:07.000Z,2025-09-01T22:30:07.000Z,CRM_UI
24466911060,dealstage,appointmentscheduled,2025-09-04T12:51:47.000Z,CRM_UI
24466911060,closedate,2025-12-14T17:50:42.000Z,2025-09-04T12:51:47.000Z,CRM_UI
38007877665,dealstage,contractsent,2025-09-05T16:47:02.000Z,CRM_UI
28227250896,dealstage,appointmentscheduled,2025-09-08T14:16:50.000Z,CRM_UI
28227250896,closedate,2025-12-18T00:41:24.000Z,2025-09-08T14:16:50.000Z,CRM_UI
34739413440,dealstage,appointmentscheduled,2025-09-08T17:18:15.000Z,CRM_UI
34739413440,closedate,2026-02-19T16:40:56.000Z,2025-09-08T17:18:15.000Z,CRM_UI
24672638869,dealstage,appointmentscheduled,2025-09-08T17:53:03.000Z,CRM_UI
24672638869,closedate,2025-10-19T18:12:22.000Z,2025-09-08T17:53:03.000Z,CRM_UI
38007877665,closedate,2025-11-16T03:06:16.000Z,2025-09-14T03:06:16.000Z,CRM_UI
24672638869,dealstage,qualifiedtobuy,2025-09-16T02:40:41.000Z,CRM_UI
35162259081,closedate,2025-10-06T18:46:57.000Z,2025-09-18T18:46:57.000Z,CRM_UI
23969763194,dealstage,qualifiedtobuy,2025-09-19T09:05:07.000Z,CRM_UI
11443125800,dealstage,closedlost,2025-09-23T01:00:55.000Z,CRM_UI
11443125800,closedate,2025-09-23T01:00:55.000Z,2025-09-23T01:00:55.000Z,AUTOMATION
38007877665,dealstage,closedwon,2025-09-24T14:44:59.000Z,CRM_UI
38007877665,closedate,2025-09-24T14:44:59.000Z,2025-09-24T14:44:59.000Z,AUTOMATION
10484412732,dealstage,decisionmakerboughtin,2025-10-05T14:48:04.000Z,CRM_UI
20472069459,dealstage,appointmentscheduled,2025-10-07T08:50:35.000Z,CRM_UI
20472069459,closedate,2026-04-03T20:08:45.000Z,2025-10-07T08:50:35.000Z,CRM_UI
24672638869,dealstage,presentationscheduled,2025-10-07T16:44:00.000Z,CRM_UI
28227250896,dealstage,qualifiedtobuy,2025-10-13T12:23:30.000Z,CRM_UI
35162259081,dealstage,closedlost,2025-10-15T10:52:33.000Z,CRM_UI
35162259081,closedate,2025-10-15T10:52:33.000Z,2025-10-15T10:52:33.000Z,AUTOMATION
10484412732,closedate,2026-01-05T00:57:11.000Z,2025-10-16T00:57:11.000Z,CRM_UI
24672638869,dealstage,decisionmakerboughtin,2025-10-20T22:17:49.000Z,CRM_UI
13255461910,dealstage,appointmentscheduled,2025-10-22T10:32:25.000Z,CRM_UI
13255461910,closedate,2026-01-31T14:11:50.000Z,2025-10-22T10:32:25.000Z,CRM_UI
24672638869,closedate,2025-12-03T18:12:22.000Z,2025-10-22T18:12:22.000Z,CRM_UI
34739413440,dealstage,qualifiedtobuy,2025-10-23T11:47:12.000Z,CRM_UI
23969763194,dealstage,presentationscheduled,2025-10-27T11:29:51.000Z,CRM_UI
10183005115,dealstage,appointmentscheduled,2025-10-27T17:33:04.000Z,CRM_UI
10183005115,closedate,2026-01-21T20:51:54.000Z,2025-10-27T17:33:04.000Z,CRM_UI
13971795564,closedate,2025-10-29T16:19:23.000Z,2025-10-29T16:19:23.000Z,CRM_UI
24672638869,dealstage,contractsent,2025-11-08T05:28:20.000Z,CRM_UI
25308590260,dealstage,appointmentscheduled,2025-11-14T16:50:42.000Z,CRM_UI
25308590260,closedate,2026-02-18T11:38:18.000Z,2025-11-14T16:50:42.000Z,CRM_UI
13255461910,dealstage,qualifiedtobuy,2025-11-16T01:58:55.000Z,CRM_UI
28227250896,dealstage,presentationscheduled,2025-11-17T22:09:14.000Z,CRM_UI
13971795564,closedate,2025-11-28T16:19:23.000Z,2025-11-20T16:19:23.000Z,CRM_UI
10183005115,dealstage,qualifiedtobuy,2025-11-20T22:50:49.000Z,CRM_UI
13971795564,dealstage,closedlost,2025-11-24T19:28:33.000Z,CRM_UI
13971795564,closedate,2025-11-24T19:28:33.000Z,2025-11-24T19:28:33.000Z,AUTOMATION
27898176676,dealstage,appointmentscheduled,2025-11-27T09:55:16.000Z,CRM_UI
27898176676,closedate,2026-05-12T21:57:28.000Z,2025-11-27T09:55:16.000Z,CRM_UI
34081508097,dealstage,appointmentscheduled,2025-11-28T10:36:25.000Z,CRM_UI
34081508097,closedate,2026-03-03T13:05:32.000Z,2025-11-28T10:36:25.000Z,CRM_UI
24466911060,dealstage,closedlost,2025-12-01T08:41:52.000Z,CRM_UI
24466911060,closedate,2025-12-01T08:41:52.000Z,2025-12-01T08:41:52.000Z,AUTOMATION
24672638869,dealstage,closedlost,2025-12-04T07:13:25.000Z,CRM_UI
24672638869,closedate,2025-12-04T07:13:25.000Z,2025-12-04T07:13:25.000Z,AUTOMATION
18576219454,dealstage,appointmentscheduled,2025-12-08T17:10:04.000Z,CRM_UI
18576219454,closedate,2026-02-04T14:09:27.000Z,2025-12-08T17:10:04.000Z,CRM_UI
23969763194,dealstage,decisionmakerboughtin,2025-12-09T20:42:02.000Z,CRM_UI
10183005115,dealstage,presentationscheduled,2025-12-15T15:41:43.000Z,CRM_UI
13255461910,dealstage,presentationscheduled,2025-12-19T08:50:35.000Z,CRM_UI
25308590260,dealstage,qualifiedtobuy,2025-12-19T10:28:50.000Z,CRM_UI
34081508097,dealstage,qualifiedtobuy,2025-12-23T19:49:04.000Z,CRM_UI
34739413440,dealstage,presentationscheduled,2025-12-25T19:22:27.000Z,CRM_UI
28227250896,closedate,2026-01-17T00:41:24.000Z,2025-12-26T00:41:24.000Z,CRM_UI
28227250896,dealstage,decisionmakerboughtin,2025-12-26T08:20:06.000Z,CRM_UI
18576219454,dealstage,qualifiedtobuy,2025-12-27T03:19:37.000Z,CRM_UI
27898176676,dealstage,qualifiedtobuy,2025-12-29T18:56:59.000Z,CRM_UI
12834090053,dealstage,appointmentscheduled,2026-01-01T11:50:47.000Z,CRM_UI
12834090053,closedate,2026-03-12T16:27:43.000Z,2026-01-01T11:50:47.000Z,CRM_UI
20238916744,dealstage,appointmentscheduled,2026-01-02T15:43:43.000Z,CRM_UI
20238916744,closedate,2026-05-25T20:53:18.000Z,2026-01-02T15:43:43.000Z,CRM_UI
23969763194,closedate,2026-02-02T23:57:02.000Z,2026-01-04T23:57:02.000Z,CRM_UI
10183005115,dealstage,decisionmakerboughtin,2026-01-13T20:05:33.000Z,CRM_UI
18576219454,dealstage,presentationscheduled,2026-01-17T20:02:33.000Z,CRM_UI
25308590260,dealstage,presentationscheduled,2026-01-17T23:05:22.000Z,CRM_UI
23969763194,dealstage,contractsent,2026-01-18T20:52:01.000Z,CRM_UI
12834090053,dealstage,qualifiedtobuy,2026-01-19T06:34:06.000Z,CRM_UI
10484412732,closedate,2026-02-04T00:57:11.000Z,2026-01-21T00:57:11.000Z,CRM_UI
11042285030,dealstage,appointmentscheduled,2026-01-21T14:20:39.000Z,CRM_UI
11042285030,closedate,2026-06-08T09:31:57.000Z,2026-01-21T14:20:39.000Z,CRM_UI
36912129275,dealstage,appointmentscheduled,2026-01-23T14:33:48.000Z,CRM_UI
36912129275,closedate,2026-05-17T17:18:01.000Z,2026-01-23T14:33:48.000Z,CRM_UI
28227250896,closedate,2026-03-03T00:41:24.000Z,2026-01-24T00:41:24.000Z,CRM_UI
10183005115,dealstage,contractsent,2026-01-24T15:55:45.000Z,CRM_UI
28227250896,dealstage,contractsent,2026-01-26T18:55:52.000Z,CRM_UI
13255461910,dealstage,decisionmakerboughtin,2026-01-29T00:44:09.000Z,CRM_UI
10484412732,dealstage,closedlost,2026-02-04T14:49:48.000Z,CRM_UI
10484412732,closedate,2026-02-04T14:49:48.000Z,2026-02-04T14:49:48.000Z,AUTOMATION
23969763194,dealstage,closedwon,2026-02-07T11:48:48.000Z,CRM_UI
23969763194,closedate,2026-02-07T11:48:48.000Z,2026-02-07T11:48:48.000Z,AUTOMATION
20472069459,dealstage,closedlost,2026-02-07T15:34:02.000Z,CRM_UI
20472069459,closedate,2026-02-07T15:34:02.000Z,2026-02-07T15:34:02.000Z,AUTOMATION
27898176676,dealstage,presentationscheduled,2026-02-09T10:53:06.000Z,CRM_UI
39292517740,dealstage,appointmentscheduled,2026-02-09T11:51:37.000Z,CRM_UI
39292517740,closedate,2026-04-09T20:48:09.000Z,2026-02-09T11:51:37.000Z,CRM_UI
35034471670,dealstage,appointmentscheduled,2026-02-10T12:38:44.000Z,CRM_UI
35034471670,closedate,2026-04-10T22:11:13.000Z,2026-02-10T12:38:44.000Z,CRM_UI
34081508097,dealstage,closedlost,2026-02-10T22:55:51.000Z,CRM_UI
34081508097,closedate,2026-02-10T22:55:51.000Z,2026-02-10T22:55:51.000Z,AUTOMATION
13416356660,dealstage,appointmentscheduled,2026-02-11T17:23:42.000Z,CRM_UI
13416356660,closedate,2026-04-23T01:12:25.000Z,2026-02-11T17:23:42.000Z,CRM_UI
12834090053,dealstage,presentationscheduled,2026-02-13T03:53:08.000Z,CRM_UI
10183005115,closedate,2026-03-07T20:51:54.000Z,2026-02-13T20:51:54.000Z,CRM_UI
18576219454,dealstage,decisionmakerboughtin,2026-02-15T04:46:36.000Z,CRM_UI
18576219454,closedate,2026-05-05T14:09:27.000Z,2026-02-16T14:09:27.000Z,CRM_UI
20238916744,dealstage,qualifiedtobuy,2026-02-16T21:29:22.000Z,CRM_UI
32928810227,dealstage,appointmentscheduled,2026-02-17T11:55:10.000Z,CRM_UI
32928810227,closedate,2026-05-20T14:27:31.000Z,2026-02-17T11:55:10.000Z,CRM_UI
36912129275,dealstage,qualifiedtobuy,2026-02-17T12:52:29.000Z,CRM_UI
35034471670,dealstage,qualifiedtobuy,2026-02-19T19:16:12.000Z,CRM_UI
13416356660,dealstage,qualifiedtobuy,2026-02-21T12:22:54.000Z,CRM_UI
13255461910,closedate,2026-04-01T14:11:50.000Z,2026-02-23T14:11:50.000Z,CRM_UI
39292517740,dealstage,qualifiedtobuy,2026-02-24T10:32:14.000Z,CRM_UI
23689897141,dealstage,appointmentscheduled,2026-02-27T15:29:15.000Z,CRM_UI
23689897141,closedate,2026-05-24T09:23:27.000Z,2026-02-27T15:29:15.000Z,CRM_UI
35034471670,dealstage,presentationscheduled,2026-02-28T09:05:13.000Z,CRM_UI
10183005115,dealstage,closedlost,2026-03-02T00:18:13.000Z,CRM_UI
10183005115,closedate,2026-03-02T00:18:13.000Z,2026-03-02T00:18:13.000Z,AUTOMATION
35658781495,dealstage,appointmentscheduled,2026-03-02T08:46:58.000Z,CRM_UI
35658781495,closedate,2026-05-14T19:19:10.000Z,2026-03-02T08:46:58.000Z,CRM_UI
25308590260,dealstage,decisionmakerboughtin,2026-03-04T11:52:55.000Z,CRM_UI
34894898806,dealstage,appointmentscheduled,2026-03-04T17:00:57.000Z,CRM_UI
34894898806,closedate,2026-09-20T12:48:02.000Z,2026-03-04T17:00:57.000Z,CRM_UI
36151281407,dealstage,appointmentscheduled,2026-03-05T08:22:43.000Z,CRM_UI
36151281407,closedate,2026-05-07T03:49:07.000Z,2026-03-05T08:22:43.000Z,CRM_UI
24757185368,dealstage,appointmentscheduled,2026-03-05T13:15:23.000Z,CRM_UI
24757185368,closedate,2026-06-06T11:23:11.000Z,2026-03-05T13:15:23.000Z,CRM_UI
28227250896,closedate,2026-04-17T00:41:24.000Z,2026-03-06T00:41:24.000Z,CRM_UI
13255461910,dealstage,contractsent,2026-03-06T23:01:44.000Z,CRM_UI
34739413440,closedate,2026-04-20T16:40:56.000Z,2026-03-08T16:40:56.000Z,CRM_UI
23073768164,dealstage,appointmentscheduled,2026-03-10T16:15:24.000Z,CRM_UI
23073768164,closedate,2026-06-12T00:48:09.000Z,2026-03-10T16:15:24.000Z,CRM_UI
39292517740,dealstage,presentationscheduled,2026-03-11T22:24:14.000Z,CRM_UI
35034471670,dealstage,decisionmakerboughtin,2026-03-13T11:40:12.000Z,CRM_UI
25308590260,closedate,2026-05-19T11:38:18.000Z,2026-03-14T11:38:18.000Z,CRM_UI
18576219454,dealstage,contractsent,2026-03-14T21:47:06.000Z,CRM_UI
12834090053,dealstage,decisionmakerboughtin,2026-03-15T09:52:28.000Z,CRM_UI
24757185368,dealstage,qualifiedtobuy,2026-03-19T04:10:27.000Z,CRM_UI
12834090053,closedate,2026-06-10T16:27:43.000Z,2026-03-19T16:27:43.000Z,CRM_UI
33062570565,dealstage,appointmentscheduled,2026-03-20T14:22:28.000Z,CRM_UI
33062570565,closedate,2026-05-17T00:16:42.000Z,2026-03-20T14:22:28.000Z,CRM_UI
35034471670,dealstage,contractsent,2026-03-22T23:15:13.000Z,CRM_UI
36912129275,dealstage,presentationscheduled,2026-03-23T01:12:11.000Z,CRM_UI
28227250896,dealstage,closedlost,2026-03-23T07:21:01.000Z,CRM_UI
28227250896,closedate,2026-03-23T07:21:01.000Z,2026-03-23T07:21:01.000Z,AUTOMATION
22272663757,dealstage,appointmentscheduled,2026-03-23T14:59:30.000Z,CRM_UI
22272663757,closedate,2026-06-17T21:18:07.000Z,2026-03-23T14:59:30.000Z,CRM_UI
34739413440,dealstage,decisionmakerboughtin,2026-03-23T20:46:04.000Z,CRM_UI
23073768164,dealstage,qualifiedtobuy,2026-03-30T17:18:18.000Z,CRM_UI
18576219454,dealstage,closedwon,2026-04-01T11:55:25.000Z,CRM_UI
18576219454,closedate,2026-04-01T11:55:25.000Z,2026-04-01T11:55:25.000Z,AUTOMATION
39292517740,dealstage,decisionmakerboughtin,2026-04-05T01:36:32.000Z,CRM_UI
31922378779,dealstage,appointmentscheduled,2026-04-06T13:45:01.000Z,CRM_UI
31922378779,closedate,2026-07-16T09:54:19.000Z,2026-04-06T13:45:01.000Z,CRM_UI
30559416308,dealstage,appointmentscheduled,2026-04-07T15:58:41.000Z,CRM_UI
30559416308,closedate,2026-05-30T16:00:10.000Z,2026-04-07T15:58:41.000Z,CRM_UI
14316343344,dealstage,appointmentscheduled,2026-04-09T15:17:38.000Z,CRM_UI
14316343344,closedate,2026-07-23T14:42:03.000Z,2026-04-09T15:17:38.000Z,CRM_UI
24757185368,dealstage,presentationscheduled,2026-04-11T02:47:01.000Z,CRM_UI
13255461910,closedate,2026-05-01T14:11:50.000Z,2026-04-12T14:11:50.000Z,CRM_UI
12834090053,dealstage,contractsent,2026-04-12T15:52:59.000Z,CRM_UI
33062570565,dealstage,qualifiedtobuy,2026-04-12T18:53:51.000Z,CRM_UI
37421868456,dealstage,appointmentscheduled,2026-04-13T12:43:39.000Z,CRM_UI
37421868456,closedate,2026-07-26T19:01:45.000Z,2026-04-13T12:43:39.000Z,CRM_UI
21874036812,dealstage,appointmentscheduled,2026-04-13T16:17:01.000Z,CRM_UI
21874036812,closedate,2026-10-23T04:20:16.000Z,2026-04-13T16:17:01.000Z,CRM_UI
22272663757,dealstage,qualifiedtobuy,2026-04-14T18:17:20.000Z,CRM_UI
23689897141,dealstage,closedlost,2026-04-15T16:57:28.000Z,CRM_UI
23689897141,closedate,2026-04-15T16:57:28.000Z,2026-04-15T16:57:28.000Z,AUTOMATION
17879482185,dealstage,appointmentscheduled,2026-04-17T16:34:16.000Z,CRM_UI
17879482185,closedate,2026-08-13T02:47:40.000Z,2026-04-17T16:34:16.000Z,CRM_UI
30559416308,dealstage,qualifiedtobuy,2026-04-19T13:32:20.000Z,CRM_UI
27898176676,dealstage,decisionmakerboughtin,2026-04-20T11:09:21.000Z,CRM_UI
13255461910,dealstage,closedlost,2026-04-20T14:10:11.000Z,CRM_UI
13255461910,closedate,2026-04-20T14:10:11.000Z,2026-04-20T14:10:11.000Z,AUTOMATION
35658781495,dealstage,closedlost,2026-04-23T18:44:34.000Z,CRM_UI
35658781495,closedate,2026-04-23T18:44:34.000Z,2026-04-23T18:44:34.000Z,AUTOMATION
18707051094,dealstage,appointmentscheduled,2026-04-24T10:24:56.000Z,CRM_UI
18707051094,closedate,2026-06-24T11:26:20.000Z,2026-04-24T10:24:56.000Z,CRM_UI
11042285030,dealstage,closedlost,2026-04-25T00:29:11.000Z,CRM_UI
11042285030,closedate,2026-04-25T00:29:11.000Z,2026-04-25T00:29:11.000Z,AUTOMATION
25308590260,dealstage,contractsent,2026-04-25T00:56:19.000Z,CRM_UI
34133620054,dealstage,appointmentscheduled,2026-04-27T16:30:46.000Z,CRM_UI
34133620054,closedate,2026-07-03T14:34:07.000Z,2026-04-27T16:30:46.000Z,CRM_UI
39292517740,dealstage,contractsent,2026-04-27T17:22:09.000Z,CRM_UI
13416356660,closedate,2026-06-07T01:12:25.000Z,2026-04-28T01:12:25.000Z,CRM_UI
26221587009,dealstage,appointmentscheduled,2026-04-28T13:54:30.000Z,CRM_UI
26221587009,closedate,2026-10-09T21:53:49.000Z,2026-04-28T13:54:30.000Z,CRM_UI
35034471670,dealstage,closedlost,2026-04-30T06:21:08.000Z,CRM_UI
35034471670,closedate,2026-04-30T06:21:08.000Z,2026-04-30T06:21:08.000Z,AUTOMATION
39292517740,closedate,2026-05-09T20:48:09.000Z,2026-04-30T20:48:09.000Z,CRM_UI
34739413440,dealstage,contractsent,2026-04-30T22:31:54.000Z,CRM_UI
36151281407,dealstage,closedlost,2026-05-01T14:48:49.000Z,CRM_UI
36151281407,closedate,2026-05-01T14:48:49.000Z,2026-05-01T14:48:49.000Z,AUTOMATION
12834090053,dealstage,closedwon,2026-05-04T14:43:07.000Z,CRM_UI
12834090053,closedate,2026-05-04T14:43:07.000Z,2026-05-04T14:43:07.000Z,AUTOMATION
33062570565,dealstage,presentationscheduled,2026-05-04T19:01:31.000Z,CRM_UI
32928810227,dealstage,closedlost,2026-05-05T20:13:59.000Z,CRM_UI
32928810227,closedate,2026-05-05T20:13:59.000Z,2026-05-05T20:13:59.000Z,AUTOMATION
18707051094,dealstage,qualifiedtobuy,2026-05-08T06:57:22.000Z,CRM_UI
36912129275,dealstage,decisionmakerboughtin,2026-05-08T09:06:10.000Z,CRM_UI
17879482185,dealstage,qualifiedtobuy,2026-05-09T11:14:39.000Z,CRM_UI
34739413440,closedate,2026-07-19T16:40:56.000Z,2026-05-10T16:40:56.000Z,CRM_UI
22272663757,dealstage,presentationscheduled,2026-05-11T06:04:08.000Z,CRM_UI
32385650141,dealstage,appointmentscheduled,2026-05-11T11:20:17.000Z,CRM_UI
32385650141,closedate,2026-07-21T06:24:00.000Z,2026-05-11T11:20:17.000Z,CRM_UI
14115100782,dealstage,appointmentscheduled,2026-05-12T08:22:36.000Z,CRM_UI
14115100782,closedate,2026-08-09T21:26:19.000Z,2026-05-12T08:22:36.000Z,CRM_UI
34133620054,dealstage,qualifiedtobuy,2026-05-12T10:08:55.000Z,CRM_UI
22815611662,dealstage,appointmentscheduled,2026-05-18T16:48:41.000Z,CRM_UI
22815611662,closedate,2026-10-16T13:50:23.000Z,2026-05-18T16:48:41.000Z,CRM_UI
32385650141,dealstage,qualifiedtobuy,2026-05-19T20:29:58.000Z,CRM_UI
27898176676,closedate,2026-06-11T21:57:28.000Z,2026-05-20T21:57:28.000Z,CRM_UI
39292517740,closedate,2026-06-08T20:48:09.000Z,2026-05-21T20:48:09.000Z,CRM_UI
25308590260,dealstage,closedlost,2026-05-22T21:25:22.000Z,CRM_UI
25308590260,closedate,2026-05-22T21:25:22.000Z,2026-05-22T21:25:22.000Z,AUTOMATION
33062570565,closedate,2026-06-16T00:16:42.000Z,2026-05-23T00:16:42.000Z,CRM_UI
27898176676,dealstage,contractsent,2026-05-23T00:57:06.000Z,CRM_UI
13416356660,dealstage,closedlost,2026-05-23T17:12:26.000Z,CRM_UI
13416356660,closedate,2026-05-23T17:12:26.000Z,2026-05-23T17:12:26.000Z,AUTOMATION
18707051094,dealstage,presentationscheduled,2026-05-26T12:26:32.000Z,CRM_UI
31922378779,dealstage,qualifiedtobuy,2026-05-30T14:59:45.000Z,CRM_UI
20238916744,dealstage,closedlost,2026-05-31T11:04:38.000Z,CRM_UI
20238916744,closedate,2026-05-31T11:04:38.000Z,2026-05-31T11:04:38.000Z,AUTOMATION
14115100782,dealstage,qualifiedtobuy,2026-05-31T14:15:02.000Z,CRM_UI
39292517740,dealstage,closedlost,2026-05-31T16:43:27.000Z,CRM_UI
39292517740,closedate,2026-05-31T16:43:27.000Z,2026-05-31T16:43:27.000Z,AUTOMATION
21874036812,dealstage,qualifiedtobuy,2026-05-31T18:07:57.000Z,CRM_UI
17879482185,dealstage,presentationscheduled,2026-06-01T08:49:06.000Z,CRM_UI
26221587009,dealstage,qualifiedtobuy,2026-06-01T08:49:30.000Z,CRM_UI
23073768164,dealstage,closedlost,2026-06-01T12:58:27.000Z,CRM_UI
23073768164,closedate,2026-06-01T12:58:27.000Z,2026-06-01T12:58:27.000Z,AUTOMATION
33062570565,dealstage,decisionmakerboughtin,2026-06-01T14:42:21.000Z,CRM_UI
10586804076,dealstage,appointmentscheduled,2026-06-03T13:06:29.000Z,CRM_UI
10586804076,closedate,2026-08-27T00:13:37.000Z,2026-06-03T13:06:29.000Z,CRM_UI
36912129275,dealstage,contractsent,2026-06-04T05:27:57.000Z,CRM_UI
34133620054,dealstage,presentationscheduled,2026-06-10T09:48:19.000Z,CRM_UI
34083643216,dealstage,appointmentscheduled,2026-06-10T14:55:06.000Z,CRM_UI
34083643216,closedate,2026-08-18T15:25:05.000Z,2026-06-10T14:55:06.000Z,CRM_UI
17540945117,dealstage,appointmentscheduled,2026-06-11T11:35:17.000Z,CRM_UI
17540945117,closedate,2026-08-25T23:28:10.000Z,2026-06-11T11:35:17.000Z,CRM_UI
24757185368,dealstage,closedlost,2026-06-14T04:20:58.000Z,CRM_UI
24757185368,closedate,2026-06-14T04:20:58.000Z,2026-06-14T04:20:58.000Z,AUTOMATION
27898176676,dealstage,closedwon,2026-06-14T08:01:10.000Z,CRM_UI
27898176676,closedate,2026-06-14T08:01:10.000Z,2026-06-14T08:01:10.000Z,AUTOMATION
36912129275,closedate,2026-07-16T17:18:01.000Z,2026-06-15T17:18:01.000Z,CRM_UI
14115100782,dealstage,presentationscheduled,2026-06-16T19:17:24.000Z,CRM_UI
31922378779,dealstage,presentationscheduled,2026-06-16T20:38:41.000Z,CRM_UI
15409823662,dealstage,appointmentscheduled,2026-06-18T12:59:13.000Z,CRM_UI
15409823662,closedate,2027-05-11T19:27:04.000Z,2026-06-18T12:59:13.000Z,CRM_UI
22272663757,dealstage,decisionmakerboughtin,2026-06-19T09:29:07.000Z,CRM_UI
32385650141,dealstage,presentationscheduled,2026-06-21T21:28:48.000Z,CRM_UI
18707051094,dealstage,decisionmakerboughtin,2026-06-24T08:02:22.000Z,CRM_UI
30760386095,dealstage,appointmentscheduled,2026-06-24T16:03:16.000Z,CRM_UI
30760386095,closedate,2026-10-15T12:11:49.000Z,2026-06-24T16:03:16.000Z,CRM_UI
22272663757,closedate,2026-07-17T21:18:07.000Z,2026-06-24T21:18:07.000Z,CRM_UI
30559416308,closedate,2026-06-29T16:00:10.000Z,2026-06-26T16:00:10.000Z,CRM_UI
34083643216,dealstage,qualifiedtobuy,2026-06-27T21:39:48.000Z,CRM_UI
33062570565,dealstage,contractsent,2026-06-29T05:19:55.000Z,CRM_UI
17540945117,dealstage,qualifiedtobuy,2026-06-29T11:12:10.000Z,CRM_UI
15276836832,dealstage,appointmentscheduled,2026-06-29T11:25:43.000Z,CRM_UI
15276836832,closedate,2026-10-02T00:32:20.000Z,2026-06-29T11:25:43.000Z,CRM_UI
26221587009,dealstage,presentationscheduled,2026-07-06T13:25:27.000Z,CRM_UI
33062570565,closedate,2026-07-16T00:16:42.000Z,2026-07-09T00:16:42.000Z,CRM_UI
20040788283,dealstage,appointmentscheduled,2026-07-09T13:46:34.000Z,CRM_UI
20040788283,closedate,2026-12-19T19:08:33.000Z,2026-07-09T13:46:34.000Z,CRM_UI
18707051094,dealstage,contractsent,2026-07-11T19:10:43.000Z,CRM_UI
34739413440,dealstage,closedlost,2026-07-11T21:26:09.000Z,CRM_UI
34739413440,closedate,2026-07-11T21:26:09.000Z,2026-07-11T21:26:09.000Z,AUTOMATION
22272663757,dealstage,contractsent,2026-07-11T23:15:23.000Z,CRM_UI
15065673934,dealstage,appointmentscheduled,2026-07-13T08:34:21.000Z,CRM_UI
15065673934,closedate,2026-10-05T14:41:26.000Z,2026-07-13T08:34:21.000Z,CRM_UI
18707051094,closedate,2026-08-23T11:26:20.000Z,2026-07-13T11:26:20.000Z,CRM_UI
17879482185,dealstage,decisionmakerboughtin,2026-07-14T04:38:31.000Z,CRM_UI
30559416308,dealstage,closedlost,2026-07-14T10:57:22.000Z,CRM_UI
30559416308,closedate,2026-07-14T10:57:22.000Z,2026-07-14T10:57:22.000Z,AUTOMATION
20994463216,dealstage,appointmentscheduled,2026-07-14T14:17:44.000Z,CRM_UI
20994463216,closedate,2026-12-08T17:15:22.000Z,2026-07-14T14:17:44.000Z,CRM_UI
33062570565,dealstage,closedlost,2026-07-14T22:39:25.000Z,CRM_UI
33062570565,closedate,2026-07-14T22:39:25.000Z,2026-07-14T22:39:25.000Z,AUTOMATION
34133620054,dealstage,decisionmakerboughtin,2026-07-15T13:08:39.000Z,CRM_UI
29458107206,dealstage,appointmentscheduled,2026-07-15T16:48:45.000Z,CRM_UI
29458107206,closedate,2027-02-28T13:26:05.000Z,2026-07-15T16:48:45.000Z,CRM_UI
10586804076,dealstage,closedlost,2026-07-18T11:58:40.000Z,CRM_UI
10586804076,closedate,2026-07-18T11:58:40.000Z,2026-07-18T11:58:40.000Z,AUTOMATION
17540945117,dealstage,presentationscheduled,2026-07-21T22:03:12.000Z,CRM_UI
31922378779,dealstage,decisionmakerboughtin,2026-07-24T14:42:09.000Z,CRM_UI
14115100782,dealstage,decisionmakerboughtin,2026-07-25T00:00:48.000Z,CRM_UI
34133620054,closedate,2026-09-01T14:34:07.000Z,2026-07-26T14:34:07.000Z,CRM_UI
14316343344,dealstage,closedlost,2026-07-27T03:11:00.000Z,CRM_UI
14316343344,closedate,2026-07-27T03:11:00.000Z,2026-07-27T03:11:00.000Z,AUTOMATION
18707051094,dealstage,closedwon,2026-07-27T15:08:54.000Z,CRM_UI
18707051094,closedate,2026-07-27T15:08:54.000Z,2026-07-27T15:08:54.000Z,AUTOMATION
36912129275,dealstage,closedlost,2026-07-29T12:31:29.000Z,CRM_UI
36912129275,closedate,2026-07-29T12:31:29.000Z,2026-07-29T12:31:29.000Z,AUTOMATION
32385650141,dealstage,decisionmakerboughtin,2026-07-29T16:19:25.000Z,CRM_UI
37421868456,dealstage,closedlost,2026-07-30T11:01:20.000Z,CRM_UI
37421868456,closedate,2026-07-30T11:01:20.000Z,2026-07-30T11:01:20.000Z,AUTOMATION
32385650141,closedate,2026-08-20T06:24:00.000Z,2026-07-31T06:24:00.000Z,CRM_UI
31922378779,closedate,2026-08-15T09:54:19.000Z,2026-08-02T09:54:19.000Z,CRM_UI
22272663757,closedate,2026-09-15T21:18:07.000Z,2026-08-02T21:18:07.000Z,CRM_UI
34133620054,dealstage,contractsent,2026-08-08T07:51:07.000Z,CRM_UI
15980929246,dealstage,appointmentscheduled,2026-08-10T16:07:54.000Z,CRM_UI
15980929246,closedate,2026-12-10T00:17:24.000Z,2026-08-10T16:07:54.000Z,CRM_UI
17879482185,dealstage,contractsent,2026-08-10T21:01:34.000Z,CRM_UI
15065673934,dealstage,qualifiedtobuy,2026-08-12T04:32:13.000Z,CRM_UI
14115100782,dealstage,contractsent,2026-08-12T08:30:20.000Z,CRM_UI
38472692374,dealstage,appointmentscheduled,2026-08-13T13:40:56.000Z,CRM_UI
38472692374,closedate,2026-12-23T06:03:02.000Z,2026-08-13T13:40:56.000Z,CRM_UI
28473220463,dealstage,appointmentscheduled,2026-08-14T15:54:11.000Z,CRM_UI
28473220463,closedate,2027-01-08T17:58:46.000Z,2026-08-14T15:54:11.000Z,CRM_UI
21874036812,dealstage,presentationscheduled,2026-08-15T08:09:39.000Z,CRM_UI
17879482185,closedate,2026-09-27T02:47:40.000Z,2026-08-18T02:47:40.000Z,CRM_UI
32385650141,dealstage,contractsent,2026-08-18T04:18:33.000Z,CRM_UI
23339509113,dealstage,appointmentscheduled,2026-08-18T15:06:35.000Z,CRM_UI
23339509113,closedate,2026-10-30T05:30:11.000Z,2026-08-18T15:06:35.000Z,CRM_UI
20040788283,dealstage,qualifiedtobuy,2026-08-21T06:08:34.000Z,CRM_UI
17540945117,dealstage,decisionmakerboughtin,2026-08-23T03:57:55.000Z,CRM_UI
15276836832,dealstage,qualifiedtobuy,2026-08-23T14:46:12.000Z,CRM_UI
31922378779,closedate,2026-09-29T09:54:19.000Z,2026-08-28T09:54:19.000Z,CRM_UI
32385650141,closedate,2026-09-19T06:24:00.000Z,2026-09-01T06:24:00.000Z,CRM_UI
34894898806,dealstage,closedlost,2026-09-03T21:53:30.000Z,CRM_UI
34894898806,closedate,2026-09-03T21:53:30.000Z,2026-09-03T21:53:30.000Z,AUTOMATION
22815611662,dealstage,closedlost,2026-09-03T22:41:11.000Z,CRM_UI
22815611662,closedate,2026-09-03T22:41:11.000Z,2026-09-03T22:41:11.000Z,AUTOMATION
10576078232,dealstage,appointmentscheduled,2026-09-04T16:25:27.000Z,CRM_UI
10576078232,closedate,2026-12-12T10:37:42.000Z,2026-09-04T16:25:27.000Z,CRM_UI
34133620054,closedate,2026-10-16T14:34:07.000Z,2026-09-05T14:34:07.000Z,CRM_UI
17879482185,dealstage,closedwon,2026-09-06T08:03:55.000Z,CRM_UI
17879482185,closedate,2026-09-06T08:03:55.000Z,2026-09-06T08:03:55.000Z,AUTOMATION
34083643216,closedate,2026-10-02T15:25:05.000Z,2026-09-06T15:25:05.000Z,CRM_UI
22272663757,dealstage,closedlost,2026-09-06T20:01:05.000Z,CRM_UI
22272663757,closedate,2026-09-06T20:01:05.000Z,2026-09-06T20:01:05.000Z,AUTOMATION
14115100782,closedate,2026-09-23T21:26:19.000Z,2026-09-07T21:26:19.000Z,CRM_UI
26221587009,dealstage,decisionmakerboughtin,2026-09-09T13:36:09.000Z,CRM_UI
28473220463,dealstage,qualifiedtobuy,2026-09-10T02:21:06.000Z,CRM_UI
38472692374,dealstage,qualifiedtobuy,2026-09-10T07:05:31.000Z,CRM_UI
20994463216,dealstage,qualifiedtobuy,2026-09-12T02:28:30.000Z,CRM_UI
31922378779,dealstage,closedlost,2026-09-14T14:18:31.000Z,CRM_UI
31922378779,closedate,2026-09-14T14:18:31.000Z,2026-09-14T14:18:31.000Z,AUTOMATION
14115100782,dealstage,closedlost,2026-09-14T15:53:49.000Z,CRM_UI
14115100782,closedate,2026-09-14T15:53:49.000Z,2026-09-14T15:53:49.000Z,AUTOMATION
17540945117,closedate,2026-11-23T23:28:10.000Z,2026-09-19T23:28:10.000Z,CRM_UI
20040788283,dealstage,presentationscheduled,2026-09-20T06:17:57.000Z,CRM_UI
36762691660,dealstage,appointmentscheduled,2026-09-21T09:21:26.000Z,CRM_UI
36762691660,closedate,2026-12-14T05:48:56.000Z,2026-09-21T09:21:26.000Z,CRM_UI
24853810320,dealstage,appointmentscheduled,2026-09-21T15:10:07.000Z,CRM_UI
24853810320,closedate,2027-01-03T12:58:49.000Z,2026-09-21T15:10:07.000Z,CRM_UI
39529755155,dealstage,appointmentscheduled,2026-09-22T12:15:13.000Z,CRM_UI
39529755155,closedate,2026-11-20T22:47:09.000Z,2026-09-22T12:15:13.000Z,CRM_UI
17540945117,dealstage,contractsent,2026-09-22T19:38:16.000Z,CRM_UI
30760386095,dealstage,closedlost,2026-09-24T13:22:37.000Z,CRM_UI
30760386095,closedate,2026-09-24T13:22:37.000Z,2026-09-24T13:22:37.000Z,AUTOMATION
11183409624,dealstage,appointmentscheduled,2026-09-24T17:52:14.000Z,CRM_UI
11183409624,closedate,2026-11-14T15:44:31.000Z,2026-09-24T17:52:14.000Z,CRM_UI
34083643216,dealstage,closedlost,2026-09-25T05:28:57.000Z,CRM_UI
34083643216,closedate,2026-09-25T05:28:57.000Z,2026-09-25T05:28:57.000Z,AUTOMATION
23489853689,dealstage,appointmentscheduled,2026-09-25T17:52:43.000Z,CRM_UI
23489853689,closedate,2026-12-02T20:34:52.000Z,2026-09-25T17:52:43.000Z,CRM_UI
11430783515,dealstage,appointmentscheduled,2026-09-28T09:11:30.000Z,CRM_UI
11430783515,closedate,2027-04-03T23:37:24.000Z,2026-09-28T09:11:30.000Z,CRM_UI
23727876852,dealstage,appointmentscheduled,2026-09-28T10:15:03.000Z,CRM_UI
23727876852,closedate,2026-12-07T12:45:25.000Z,2026-09-28T10:15:03.000Z,CRM_UI
15276836832,dealstage,presentationscheduled,2026-09-29T21:01:28.000Z,CRM_UI
