month,platform,spend_eur,impressions,clicks,conversions
2022-07,google_ads,466.85,2097,97,2
2022-08,google_ads,954.67,3835,178,8
2022-09,google_ads,851.5,3520,172,10
2022-09,linkedin_ads,209.21,4174,16,0
2022-10,google_ads,1285.94,5285,251,14
2022-10,linkedin_ads,296.3,6225,19,0
2022-11,google_ads,969.1,4072,177,9
2022-11,linkedin_ads,276.07,5484,18,0
2022-12,google_ads,571.93,2358,107,5
2022-12,linkedin_ads,118.41,2277,4,0
2023-01,google_ads,1733.68,7065,351,20
2023-01,linkedin_ads,514.37,8829,40,3
2023-02,google_ads,1823.73,7838,363,23
2023-02,linkedin_ads,734.77,14036,72,5
2023-03,google_ads,1707.06,6709,328,21
2023-03,linkedin_ads,599.81,11042,52,2
2023-03,review_sites,207.43,1026,35,0
2023-04,google_ads,1338.47,5110,235,15
2023-04,linkedin_ads,464.67,8949,40,2
2023-04,review_sites,157.34,867,28,0
2023-04,youtube_ads,212.96,15711,65,0
2023-05,google_ads,1839.54,7265,349,22
2023-05,linkedin_ads,1230.35,22929,106,13
2023-05,meta_ads,217.41,18015,120,0
2023-05,review_sites,171.54,897,28,0
2023-06,google_ads,1982.31,8374,416,21
2023-06,linkedin_ads,892.93,15823,79,7
2023-06,meta_ads,266.73,18783,130,0
2023-06,review_sites,194.73,1034,36,0
2023-07,google_ads,1003.01,4182,207,9
2023-07,linkedin_ads,595.78,12015,55,4
2023-07,meta_ads,124.49,10978,78,0
2023-07,review_sites,105.99,612,19,0
2023-08,google_ads,1227.17,5158,245,14
2023-08,linkedin_ads,285.24,5555,25,2
2023-08,meta_ads,175.5,14420,102,1
2023-08,review_sites,147.09,769,25,0
2023-09,google_ads,1839.22,6891,343,23
2023-09,linkedin_ads,921.92,16085,82,6
2023-09,meta_ads,256.43,21743,149,2
2023-09,review_sites,215.56,1104,38,0
2023-09,youtube_ads,722.83,49434,197,1
2023-10,google_ads,2210.34,8583,404,28
2023-10,linkedin_ads,1796.53,33726,162,13
2023-10,meta_ads,379.6,30627,227,4
2023-10,review_sites,236.12,1282,37,0
2023-10,youtube_ads,242.87,15600,72,1
2023-11,google_ads,1454.58,5866,298,17
2023-11,linkedin_ads,1690.41,32640,169,16
2023-11,meta_ads,186.89,17216,126,1
2023-11,review_sites,193.64,1072,34,0
2023-11,youtube_ads,295.22,15781,59,0
2023-12,google_ads,1090.95,4346,214,13
2023-12,linkedin_ads,773.21,14419,67,5
2023-12,meta_ads,143.0,12422,80,1
2023-12,review_sites,120.54,607,17,0
2023-12,youtube_ads,276.12,16642,66,0
2024-01,google_ads,3288.1,11737,603,37
2024-01,linkedin_ads,1563.75,28091,133,12
2024-01,meta_ads,323.98,26099,185,2
2024-01,review_sites,636.81,3137,104,7
2024-02,google_ads,3221.2,12030,585,41
2024-02,linkedin_ads,3782.04,71494,346,29
2024-02,meta_ads,371.87,27775,191,3
2024-02,review_sites,629.41,3326,108,3
2024-02,youtube_ads,783.77,46771,167,1
2024-03,google_ads,2642.2,9608,460,27
2024-03,linkedin_ads,1950.99,37616,182,16
2024-03,meta_ads,334.73,24138,166,4
2024-03,review_sites,498.24,2509,91,4
2024-03,youtube_ads,1667.96,97497,381,1
2024-04,google_ads,2746.6,10998,538,31
2024-04,linkedin_ads,961.04,16926,90,9
2024-04,meta_ads,353.52,26166,187,2
2024-04,reddit_ads,156.32,12338,69,2
2024-04,review_sites,595.23,3006,98,4
2024-04,youtube_ads,769.41,44125,175,1
2024-05,google_ads,2725.45,9651,487,29
2024-05,linkedin_ads,1861.78,31396,154,15
2024-05,meta_ads,329.23,25511,171,1
2024-05,reddit_ads,709.81,48791,332,9
2024-05,review_sites,471.9,2430,86,4
2024-06,google_ads,2969.95,11181,554,35
2024-06,linkedin_ads,2300.8,40898,207,18
2024-06,meta_ads,261.94,18315,120,1
2024-06,reddit_ads,1096.12,91032,556,12
2024-06,review_sites,502.05,2498,87,6
2024-07,google_ads,1849.49,6768,345,19
2024-07,linkedin_ads,691.78,13239,64,6
2024-07,meta_ads,157.62,12412,83,0
2024-07,reddit_ads,67.63,5471,43,1
2024-07,review_sites,306.79,1493,43,1
2024-08,google_ads,2129.0,8220,403,28
2024-08,linkedin_ads,795.38,14566,71,8
2024-08,meta_ads,276.86,18933,126,2
2024-08,review_sites,318.4,1620,56,0
2024-09,google_ads,3944.87,14905,749,48
2024-09,linkedin_ads,2873.14,51102,242,22
2024-09,meta_ads,425.27,30848,228,4
2024-09,reddit_ads,513.55,38992,240,6
2024-09,review_sites,664.27,3420,128,8
2024-10,google_ads,2737.49,10622,507,35
2024-10,linkedin_ads,1715.33,30853,162,13
2024-10,meta_ads,355.23,28114,215,2
2024-10,reddit_ads,456.57,35032,202,3
2024-10,review_sites,589.84,2952,101,5
2024-10,youtube_ads,660.41,35189,129,1
2024-11,google_ads,3034.91,11571,575,41
2024-11,linkedin_ads,3012.84,51669,260,19
2024-11,meta_ads,310.15,23444,149,3
2024-11,review_sites,412.2,2113,69,4
2024-11,youtube_ads,618.45,33688,141,0
2024-12,google_ads,2460.65,9452,451,31
2024-12,linkedin_ads,2491.12,44432,225,23
2024-12,meta_ads,249.59,17457,120,0
2024-12,review_sites,374.81,1927,61,1
2025-01,google_ads,4765.23,17230,919,69
2025-01,linkedin_ads,2464.96,40635,200,16
2025-01,meta_ads,441.93,32528,254,6
2025-01,reddit_ads,1107.26,74731,513,13
2025-01,review_sites,911.86,4418,143,10
2025-02,google_ads,5583.56,19483,913,51
2025-02,linkedin_ads,1945.23,34589,174,16
2025-02,meta_ads,461.69,31303,233,5
2025-02,reddit_ads,2420.05,167427,918,28
2025-02,review_sites,995.32,4958,179,9
2025-02,youtube_ads,1337.86,74109,325,3
2025-03,google_ads,6263.46,22494,1134,73
2025-03,linkedin_ads,3667.1,66414,315,26
2025-03,meta_ads,522.14,37854,254,5
2025-03,reddit_ads,605.3,44657,294,7
2025-03,review_sites,1298.36,6387,217,11
2025-03,youtube_ads,2385.26,151453,657,8
2025-04,google_ads,3790.39,13319,633,39
2025-04,linkedin_ads,2370.72,41120,201,17
2025-04,meta_ads,344.58,25726,174,4
2025-04,review_sites,812.83,3783,134,6
2025-04,youtube_ads,989.59,62971,216,2
2025-05,google_ads,4291.33,14327,739,45
2025-05,linkedin_ads,2981.16,54257,264,28
2025-05,meta_ads,453.75,30853,232,4
2025-05,review_sites,935.53,4684,152,8
2025-05,youtube_ads,218.27,12327,52,0
2025-06,google_ads,6091.18,21919,1039,61
2025-06,linkedin_ads,3743.62,60352,301,26
2025-06,meta_ads,753.89,54137,380,5
2025-06,review_sites,1107.54,5446,186,11
2025-07,google_ads,2602.43,9435,489,33
2025-07,linkedin_ads,1137.16,18925,94,7
2025-07,meta_ads,296.1,20935,157,2
2025-07,review_sites,529.03,2538,89,4
2025-08,google_ads,3345.94,12445,615,40
2025-08,linkedin_ads,1321.03,22623,111,9
2025-08,meta_ads,289.69,20234,134,2
2025-08,review_sites,742.92,3695,123,6
2025-09,google_ads,6476.95,22880,1132,69
2025-09,linkedin_ads,6442.5,111926,519,41
2025-09,meta_ads,642.83,47406,282,5
2025-09,reddit_ads,1610.85,104924,594,15
2025-09,review_sites,1256.89,5976,215,9
2025-09,youtube_ads,1696.91,95940,416,3
2025-10,google_ads,4967.67,18065,906,52
2025-10,linkedin_ads,8038.67,132849,711,55
2025-10,meta_ads,559.11,35709,253,3
2025-10,reddit_ads,1676.81,114487,613,20
2025-10,review_sites,943.39,4810,168,7
2025-10,youtube_ads,1444.79,88858,330,3
2025-11,google_ads,4173.05,14879,766,49
2025-11,linkedin_ads,9696.73,170552,941,81
2025-11,meta_ads,432.09,29956,184,4
2025-11,reddit_ads,979.73,69914,427,10
2025-11,review_sites,874.69,4346,151,8
2025-11,youtube_ads,622.78,30787,131,2
2025-12,google_ads,3648.81,12911,634,42
2025-12,linkedin_ads,5191.15,84471,410,33
2025-12,meta_ads,402.22,28465,174,4
2025-12,review_sites,791.66,4065,135,8
2025-12,youtube_ads,1104.54,62473,225,1
2026-01,google_ads,6287.98,21306,1093,69
2026-01,linkedin_ads,4526.03,74367,353,29
2026-01,meta_ads,577.07,37876,281,5
2026-01,reddit_ads,12196.27,866394,5326,132
2026-01,review_sites,1335.74,5881,208,9
2026-01,youtube_ads,3251.98,171240,688,6
2026-02,google_ads,8196.87,26188,1320,93
2026-02,linkedin_ads,15010.67,239059,1146,87
2026-02,meta_ads,876.16,62941,481,7
2026-02,reddit_ads,2503.74,157527,892,22
2026-02,review_sites,1536.45,6825,233,11
2026-02,youtube_ads,4824.74,252702,1010,10
2026-03,google_ads,7982.8,26264,1279,82
2026-03,linkedin_ads,14329.63,221485,1129,95
2026-03,meta_ads,993.33,67734,491,9
2026-03,review_sites,1723.49,8152,273,15
2026-03,youtube_ads,4450.21,217608,841,8
2026-04,google_ads,5081.1,16718,785,48
2026-04,linkedin_ads,6282.69,97791,502,36
2026-04,meta_ads,598.23,39588,261,5
2026-04,review_sites,1124.81,4952,164,10
2026-05,google_ads,5479.55,17205,838,51
2026-05,linkedin_ads,3878.51,63276,285,27
2026-05,meta_ads,621.09,37965,249,4
2026-05,review_sites,1227.9,5484,188,12
2026-06,google_ads,7965.78,27646,1421,98
2026-06,linkedin_ads,4185.25,67238,396,29
2026-06,meta_ads,992.32,60988,446,6
2026-06,review_sites,1895.27,8873,302,17
2026-06,youtube_ads,2665.65,148161,546,4
2026-07,google_ads,3348.38,11864,639,39
2026-07,linkedin_ads,2228.49,34928,195,17
2026-07,meta_ads,336.72,22046,137,1
2026-07,review_sites,670.07,3140,95,6
2026-07,youtube_ads,1607.42,83285,389,5
2026-08,google_ads,6563.84,22274,1091,68
2026-08,linkedin_ads,3409.29,54909,259,18
2026-08,meta_ads,678.41,48111,284,4
2026-08,review_sites,1459.33,6610,222,13
2026-09,google_ads,7683.71,24421,1180,72
2026-09,linkedin_ads,10654.34,166384,806,62
2026-09,meta_ads,740.49,43221,306,5
2026-09,review_sites,1540.7,7106,241,13
